account_id,customer_id,account_type,opening_date,balance
A00001,C0113,Savings,2025-05-27,70242.6
A00002,C0367,Savings,2023-11-25,296482.2
A00003,C0017,Savings,2025-04-08,136356.92
A00004,C0130,Current,2025-05-03,265412.34
A00005,C0764,Savings,2024-02-26,240741.75
A00006,C0797,Current,2026-05-10,259052.79
A00007,C0112,Current,2025-06-26,254400.15
A00008,C0969,Savings,2026-06-20,364985.28
A00009,C0931,Current,2024-07-03,231731.05
A00010,C0988,Savings,2025-11-16,35108.58
A00011,C0491,Current,2026-03-22,216005.44
A00012,C0111,Current,2024-10-23,357638.65
A00013,C0455,Savings,2025-02-27,450137.05
A00014,C0330,Savings,2026-07-28,37512.71
A00015,C0282,Current,2025-08-26,193547.68
A00016,C0612,Current,2024-12-28,229589.13
A00017,C0620,Current,2024-04-11,54093.34
A00018,C0719,Savings,2023-10-11,427132.4
A00019,C0667,Savings,2024-03-15,217884.62
A00020,C0910,Savings,2026-09-13,209837.72
A00021,C0848,Current,2024-07-20,202371.44
A00022,C0748,Savings,2024-08-03,159711.43
A00023,C0321,Current,2025-08-12,190279.01
A00024,C0157,Current,2026-03-15,38230.99
A00025,C0852,Savings,2024-09-15,51148.9
A00026,C0099,Current,2026-02-27,406825.8
A00027,C0570,Savings,2026-08-14,295300.22
A00028,C0576,Current,2026-04-27,336656.57
A00029,C0421,Current,2026-01-09,437435.65
A00030,C0964,Current,2025-09-12,434705.61
A00031,C0739,Savings,2025-06-20,484357.32
A00032,C0615,Current,2025-05-21,179064.86
A00033,C0592,Savings,2026-01-13,81591.44
A00034,C0494,Savings,2025-03-27,424401.05
A00035,C0359,Current,2024-09-19,61868.23
A00036,C0286,Savings,2025-12-31,404574.58
A00037,C0866,Savings,2024-05-08,306452.48
A00038,C0674,Current,2024-10-29,19331.82
A00039,C0280,Current,2026-04-02,461161.07
A00040,C0360,Savings,2024-08-12,94795.75
A00041,C0147,Current,2023-11-25,39444.78
A00042,C0759,Savings,2024-06-10,50420.05
A00043,C0544,Savings,2026-03-24,191216.23
A00044,C0465,Current,2024-03-07,82917.59
A00045,C0320,Current,2023-11-10,389533.63
A00046,C0582,Savings,2024-07-25,442254.38
A00047,C0160,Savings,2025-06-02,378445.76
A00048,C0051,Savings,2025-05-27,139690.91
A00049,C0678,Current,2025-11-09,245402.54
A00050,C0453,Current,2025-07-27,140217.59
A00051,C0774,Savings,2024-11-21,175860.56
A00052,C0114,Current,2026-06-29,340717.86
A00053,C0608,Current,2026-07-16,265832.38
A00054,C0316,Savings,2023-12-27,114156.63
A00055,C0614,Savings,2026-09-05,8805.11
A00056,C0309,Savings,2024-05-30,384838.02
A00057,C0783,Current,2025-05-12,148276.33
A00058,C0123,Savings,2024-07-06,251205.74
A00059,C0441,Savings,2026-09-10,68946.92
A00060,C0546,Savings,2025-08-05,252629.86
A00061,C0854,Current,2025-10-04,40677.37
A00062,C0883,Savings,2024-07-19,220928.7
A00063,C0471,Savings,2024-12-17,431744.46
A00064,C0590,Current,2026-02-15,288832.84
A00065,C0727,Current,2025-07-28,148310.03
A00066,C0415,Savings,2024-09-02,483268.85
A00067,C0176,Current,2025-10-30,416852.83
A00068,C0942,Current,2026-02-22,48624.29
A00069,C0865,Savings,2025-07-21,125441.66
A00070,C0604,Current,2024-01-04,264361.46
A00071,C0406,Current,2026-07-01,374173.39
A00072,C0227,Current,2025-05-08,390663.34
A00073,C0079,Savings,2024-01-26,267649.39
A00074,C0199,Current,2024-08-07,178794.37
A00075,C0982,Savings,2024-10-21,121953.08
A00076,C0150,Current,2024-02-26,102649.54
A00077,C0617,Savings,2025-03-13,381306.57
A00078,C0672,Savings,2024-06-03,92687.33
A00079,C0792,Current,2025-09-06,234656.77
A00080,C0578,Current,2025-08-12,342161.07
A00081,C0904,Current,2025-08-15,432802.2
A00082,C0643,Current,2026-07-29,79723.91
A00083,C0070,Current,2025-07-18,223892.99
A00084,C0311,Current,2026-07-29,297752.78
A00085,C0361,Savings,2026-03-12,158651.89
A00086,C0463,Savings,2025-08-05,33160.58
A00087,C0852,Current,2024-01-31,42981.85
A00088,C0885,Savings,2026-05-26,309429.15
A00089,C0520,Current,2025-08-29,234042.27
A00090,C0568,Savings,2024-12-28,227618.18
A00091,C0830,Savings,2025-06-25,164155.75
A00092,C0488,Savings,2023-12-20,479072.57
A00093,C0462,Savings,2025-03-04,406428.57
A00094,C0858,Current,2023-10-25,491280.86
A00095,C0087,Savings,2026-02-12,24375.35
A00096,C0725,Current,2026-06-19,495538.08
A00097,C0537,Savings,2025-05-03,185129.49
A00098,C0940,Current,2024-04-12,196771.2
A00099,C0794,Current,2023-10-22,341054.37
A00100,C0054,Current,2024-11-24,37626.37
A00101,C0097,Current,2025-06-26,145652.75
A00102,C0742,Savings,2025-12-15,170014.21
A00103,C0597,Savings,2025-03-15,458789.5
A00104,C0318,Current,2023-12-03,68831.07
A00105,C0726,Savings,2024-06-19,158243.03
A00106,C0386,Current,2023-11-06,407526.47
A00107,C0687,Savings,2026-05-12,324782.29
A00108,C0434,Current,2026-02-13,14024.12
A00109,C0317,Savings,2024-10-03,475828.81
A00110,C0350,Current,2024-05-02,100042.59
A00111,C0141,Savings,2025-10-17,43196.72
A00112,C0865,Savings,2024-09-29,256306.41
A00113,C0553,Savings,2024-05-26,332654.97
A00114,C0898,Savings,2025-05-03,300636.99
A00115,C0158,Savings,2024-07-11,94518.75
A00116,C0710,Savings,2024-04-26,361985.58
A00117,C0045,Current,2025-01-05,185328.21
A00118,C0737,Savings,2024-04-12,484946.36
A00119,C0626,Current,2026-09-12,377433.63
A00120,C0803,Current,2024-09-06,120831.46
A00121,C0245,Current,2024-10-11,482970.34
A00122,C0804,Current,2025-12-03,452467.3
A00123,C0199,Current,2024-03-29,340761.88
A00124,C0585,Current,2025-11-23,233531.59
A00125,C0289,Current,2024-11-14,253938.81
A00126,C0429,Savings,2023-10-18,409361.16
A00127,C0821,Savings,2026-08-10,437135.95
A00128,C0054,Current,2024-03-09,437687.89
A00129,C0568,Savings,2025-08-31,357143.48
A00130,C0529,Savings,2024-03-01,146106.19
A00131,C0782,Savings,2026-02-16,140031.69
A00132,C0928,Savings,2024-07-27,416368.13
A00133,C0094,Savings,2026-01-06,409268.11
A00134,C0906,Current,2026-01-17,465583.6
A00135,C0425,Savings,2026-05-01,201244.71
A00136,C0383,Savings,2024-04-10,196152.23
A00137,C0084,Current,2026-02-16,116146.69
A00138,C0327,Savings,2025-06-13,420392.26
A00139,C0666,Current,2026-05-24,396733.42
A00140,C0141,Savings,2025-09-30,147005.3
A00141,C0850,Current,2025-01-25,349555.63
A00142,C0143,Current,2025-07-29,227057.73
A00143,C0006,Savings,2026-06-18,14406.92
A00144,C0221,Savings,2025-11-21,276658.1
A00145,C0745,Current,2023-12-24,60037.5
A00146,C0296,Savings,2024-01-24,154069.84
A00147,C0049,Savings,2025-02-02,212813.64
A00148,C0813,Current,2025-08-07,36089.54
A00149,C0857,Current,2024-11-22,300385.83
A00150,C0017,Savings,2024-12-13,360679.44
A00151,C0299,Current,2026-06-20,5774.35
A00152,C0362,Savings,2024-01-18,287478.54
A00153,C0192,Savings,2025-07-30,264124.86
A00154,C0370,Savings,2026-01-18,476934.82
A00155,C0558,Savings,2026-05-19,198274.6
A00156,C0482,Savings,2025-04-04,319657.04
A00157,C0383,Current,2025-11-08,374921.71
A00158,C0366,Savings,2025-04-29,175677.23
A00159,C0751,Savings,2025-01-10,386893.18
A00160,C0753,Current,2026-06-28,71037.75
A00161,C0361,Current,2026-07-20,407686.89
A00162,C0180,Current,2026-06-24,490505.5
A00163,C0491,Savings,2025-02-05,406691.35
A00164,C0065,Current,2025-06-02,23306.98
A00165,C0207,Savings,2026-04-06,396599.06
A00166,C0908,Savings,2024-09-28,161219.93
A00167,C0318,Current,2024-12-08,494615.74
A00168,C0557,Current,2025-04-06,130390.31
A00169,C0772,Savings,2026-04-12,146624.89
A00170,C0883,Savings,2026-03-07,433570.15
A00171,C0340,Current,2026-05-20,66615.13
A00172,C0377,Current,2025-05-18,445295.83
A00173,C0762,Current,2023-11-05,447845.56
A00174,C0396,Current,2024-01-18,486993.17
A00175,C0509,Current,2025-05-18,186836.73
A00176,C0817,Current,2026-02-12,401568.3
A00177,C0745,Current,2026-08-03,44068.87
A00178,C0617,Savings,2025-07-31,275009.83
A00179,C0329,Savings,2025-12-16,44634.11
A00180,C0677,Current,2026-08-19,156715.45
A00181,C0618,Current,2024-09-26,87489.16
A00182,C0455,Current,2024-05-01,226329.18
A00183,C0745,Current,2025-03-06,309351.48
A00184,C0446,Current,2025-02-01,321537.31
A00185,C0811,Savings,2025-01-21,42145.38
A00186,C0653,Current,2026-04-26,184839.01
A00187,C0821,Savings,2024-10-28,476630.75
A00188,C0147,Current,2026-02-10,22225.49
A00189,C0069,Savings,2025-03-22,390365.11
A00190,C0376,Current,2024-08-05,194512.93
A00191,C0581,Savings,2025-08-05,304521.94
A00192,C0696,Current,2023-10-09,474667.65
A00193,C0381,Current,2025-06-08,382726.81
A00194,C0588,Savings,2025-03-07,267082.64
A00195,C0408,Current,2024-11-22,326532.56
A00196,C0256,Savings,2026-09-11,17827.1
A00197,C0191,Current,2025-03-12,261283.91
A00198,C0936,Savings,2024-05-23,134579.45
A00199,C0267,Current,2025-08-05,111212.36
A00200,C0627,Current,2024-12-22,348520.42
A00201,C0503,Savings,2025-08-30,65705.52
A00202,C0874,Savings,2024-07-10,228761.13
A00203,C0921,Current,2026-06-23,498644.89
A00204,C0830,Current,2023-12-06,335580.7
A00205,C0727,Savings,2023-11-15,277248.59
A00206,C0298,Current,2024-10-25,426424.22
A00207,C0729,Savings,2026-08-25,397879.71
A00208,C0521,Savings,2026-03-05,65074.42
A00209,C0206,Savings,2024-10-09,122184.41
A00210,C0506,Savings,2024-03-19,183643.78
A00211,C0587,Current,2026-02-22,236365.89
A00212,C0565,Savings,2025-02-17,307914.44
A00213,C0089,Savings,2024-11-13,158098.91
A00214,C0735,Current,2024-05-01,265219.35
A00215,C0788,Current,2026-07-04,412553.0
A00216,C0076,Savings,2025-04-24,486327.97
A00217,C0658,Savings,2025-07-25,227737.38
A00218,C0697,Current,2026-03-09,68525.63
A00219,C0849,Savings,2024-01-06,385051.91
A00220,C0133,Current,2025-07-18,253917.57
A00221,C0890,Savings,2025-03-29,416538.45
A00222,C0531,Savings,2026-01-15,155541.65
A00223,C0166,Current,2025-11-14,467695.23
A00224,C0231,Current,2025-04-08,474004.15
A00225,C0532,Current,2025-03-17,423737.18
A00226,C0257,Savings,2025-05-31,319353.26
A00227,C0565,Current,2024-06-16,66959.3
A00228,C0311,Savings,2025-08-28,253773.71
A00229,C0173,Savings,2026-03-10,89744.31
A00230,C0640,Current,2025-10-31,422052.35
A00231,C0578,Savings,2026-04-09,413491.95
A00232,C0030,Savings,2025-07-19,27503.59
A00233,C0657,Current,2024-08-30,327309.34
A00234,C0786,Current,2025-02-20,310963.67
A00235,C0032,Current,2024-05-28,445053.46
A00236,C0559,Current,2026-06-26,322744.11
A00237,C0310,Current,2026-03-13,126214.57
A00238,C0827,Current,2025-04-26,152229.77
A00239,C0075,Savings,2024-04-21,83249.82
A00240,C0426,Current,2025-09-26,234898.87
A00241,C0349,Savings,2025-01-23,159728.34
A00242,C0736,Current,2024-09-23,368428.88
A00243,C0882,Current,2026-06-14,487810.19
A00244,C0134,Current,2025-09-10,259915.17
A00245,C0109,Current,2026-06-13,124660.24
A00246,C0126,Current,2026-05-16,227550.03
A00247,C0145,Savings,2024-09-21,30049.62
A00248,C0969,Current,2025-07-30,432761.11
A00249,C0429,Savings,2026-05-14,481529.5
A00250,C0924,Savings,2025-05-02,407671.53
A00251,C0957,Current,2025-11-26,98967.88
A00252,C0164,Current,2023-10-16,498004.86
A00253,C0479,Current,2024-05-31,440142.45
A00254,C0510,Savings,2024-07-03,49574.3
A00255,C0403,Current,2024-03-01,483509.88
A00256,C0221,Current,2024-02-18,29085.78
A00257,C0289,Current,2025-01-26,300771.79
A00258,C0864,Current,2026-04-09,146445.45
A00259,C0009,Savings,2025-03-31,218309.25
A00260,C0904,Current,2024-12-10,365116.49
A00261,C0783,Current,2024-02-15,186138.99
A00262,C0411,Savings,2024-12-29,287289.41
A00263,C0200,Current,2026-06-26,278845.35
A00264,C0076,Current,2024-10-26,254606.49
A00265,C0783,Current,2026-03-31,413529.1
A00266,C0639,Savings,2025-12-20,68688.38
A00267,C0100,Current,2024-04-18,189733.18
A00268,C0348,Current,2025-01-08,378707.76
A00269,C0204,Current,2025-10-23,252538.56
A00270,C0047,Savings,2023-12-23,72833.0
A00271,C0342,Current,2025-02-12,262069.69
A00272,C0153,Savings,2026-03-30,167343.09
A00273,C0628,Current,2025-09-18,85438.51
A00274,C0632,Current,2025-07-02,298893.7
A00275,C0520,Current,2024-07-06,355826.2
A00276,C0307,Current,2024-07-08,408795.67
A00277,C0378,Current,2024-03-21,338534.16
A00278,C0427,Current,2023-12-16,399393.63
A00279,C0743,Savings,2024-04-15,300470.26
A00280,C0272,Savings,2026-05-08,362093.06
A00281,C0598,Current,2024-01-28,89403.47
A00282,C0645,Current,2025-09-12,78148.98
A00283,C0698,Savings,2025-10-28,20627.4
A00284,C0971,Savings,2026-01-09,99438.24
A00285,C0452,Current,2023-12-16,212296.25
A00286,C0423,Savings,2024-08-30,208136.82
A00287,C0794,Current,2024-11-17,437044.77
A00288,C0754,Savings,2024-10-18,354358.74
A00289,C0532,Savings,2025-12-02,282638.95
A00290,C0679,Current,2024-01-19,265111.19
A00291,C0322,Savings,2026-05-14,232533.45
A00292,C0546,Current,2025-08-18,275405.24
A00293,C0693,Current,2024-03-13,306987.91
A00294,C0197,Savings,2026-03-19,143108.17
A00295,C0306,Savings,2024-10-28,471035.35
A00296,C0305,Current,2024-07-18,353925.96
A00297,C0707,Current,2025-02-13,161935.17
A00298,C0358,Current,2024-06-16,147455.74
A00299,C0588,Current,2025-10-22,448401.43
A00300,C0405,Current,2024-09-08,477531.39
A00301,C0824,Savings,2025-10-30,148774.06
A00302,C0295,Savings,2025-07-05,176449.94
A00303,C0453,Current,2024-08-14,374932.56
A00304,C0220,Savings,2026-01-22,414836.09
A00305,C0278,Current,2024-11-25,72950.11
A00306,C0631,Savings,2025-03-11,125016.73
A00307,C0686,Savings,2024-12-06,320782.56
A00308,C0054,Savings,2026-05-13,209584.18
A00309,C0735,Current,2025-07-21,54769.73
A00310,C0790,Savings,2024-07-25,7564.82
A00311,C0564,Savings,2025-04-11,206419.19
A00312,C0958,Current,2024-09-26,241337.02
A00313,C0205,Current,2026-08-20,163978.01
A00314,C0662,Savings,2023-12-12,454428.79
A00315,C0092,Savings,2026-06-28,269900.38
A00316,C0741,Savings,2023-10-13,457048.71
A00317,C0180,Current,2025-03-26,441711.26
A00318,C0181,Savings,2025-05-25,498600.04
A00319,C0407,Current,2026-05-31,97224.26
A00320,C0767,Current,2026-08-31,438987.87
A00321,C0010,Current,2026-05-17,286141.12
A00322,C0110,Current,2025-06-14,145858.02
A00323,C0657,Current,2024-12-16,445183.68
A00324,C0138,Current,2024-07-27,140054.36
A00325,C0829,Savings,2026-02-08,168688.63
A00326,C0749,Current,2026-01-02,325901.24
A00327,C0736,Savings,2025-08-06,11971.68
A00328,C0346,Current,2025-12-15,286051.71
A00329,C0776,Savings,2023-10-19,91869.98
A00330,C0877,Current,2023-10-29,414359.96
A00331,C0528,Current,2026-05-11,47935.2
A00332,C0686,Savings,2024-10-04,96466.69
A00333,C0144,Current,2025-02-23,165182.83
A00334,C0255,Savings,2024-06-14,134088.71
A00335,C0242,Current,2025-12-03,378109.54
A00336,C0977,Current,2025-06-08,154463.19
A00337,C0741,Savings,2025-02-20,134468.81
A00338,C0369,Savings,2025-06-29,35751.54
A00339,C0122,Current,2024-12-23,156869.14
A00340,C0416,Current,2024-12-06,346693.74
A00341,C0655,Current,2025-01-14,186934.23
A00342,C0227,Savings,2024-10-12,478893.47
A00343,C0490,Savings,2023-10-30,230214.44
A00344,C0621,Current,2024-11-22,210843.58
A00345,C0563,Current,2024-07-24,379888.51
A00346,C0822,Savings,2026-07-29,382120.51
A00347,C0697,Savings,2024-05-01,265125.79
A00348,C0541,Current,2024-07-29,43660.85
A00349,C0578,Savings,2024-08-19,35570.23
A00350,C0561,Savings,2024-08-02,288487.33
A00351,C0154,Savings,2026-09-13,167418.23
A00352,C0533,Current,2025-05-24,62538.81
A00353,C0211,Current,2023-12-14,50016.11
A00354,C0523,Current,2026-02-10,405302.58
A00355,C0465,Savings,2024-02-22,259057.68
A00356,C0468,Savings,2025-12-03,281604.61
A00357,C0689,Current,2023-12-06,363023.64
A00358,C0406,Current,2025-07-16,409144.35
A00359,C0764,Savings,2025-08-30,291264.08
A00360,C0047,Current,2025-05-27,175541.79
A00361,C0066,Savings,2024-12-24,467618.49
A00362,C0071,Current,2023-11-19,20708.76
A00363,C0419,Savings,2024-04-26,385641.17
A00364,C0785,Current,2024-05-08,190358.16
A00365,C0913,Current,2024-12-14,227025.88
A00366,C0940,Current,2023-10-23,190944.54
A00367,C0700,Savings,2026-01-12,328499.38
A00368,C0357,Savings,2025-07-14,93344.45
A00369,C0551,Current,2025-03-20,266777.06
A00370,C0746,Savings,2025-10-09,418236.7
A00371,C0775,Savings,2024-10-01,489352.89
A00372,C0475,Current,2024-12-03,268307.14
A00373,C0844,Savings,2026-08-23,127518.46
A00374,C0355,Savings,2025-12-05,141446.62
A00375,C0960,Savings,2025-01-11,20947.57
A00376,C0677,Current,2026-08-13,309386.99
A00377,C0959,Savings,2024-10-09,124129.82
A00378,C0069,Savings,2024-07-16,299002.35
A00379,C0458,Savings,2024-05-14,126143.4
A00380,C0046,Current,2026-02-09,222286.59
A00381,C0553,Savings,2026-03-29,378420.93
A00382,C0795,Savings,2025-05-27,74367.11
A00383,C0297,Savings,2025-01-19,408814.2
A00384,C0750,Current,2026-08-10,290850.03
A00385,C0792,Current,2026-03-31,122267.5
A00386,C0898,Savings,2024-08-03,492919.3
A00387,C0534,Savings,2024-06-08,209712.3
A00388,C0282,Savings,2024-01-31,280575.47
A00389,C0606,Savings,2025-02-05,314866.6
A00390,C0438,Current,2025-04-04,28207.63
A00391,C0353,Current,2026-05-18,393973.28
A00392,C0327,Current,2023-10-15,207088.29
A00393,C0308,Current,2025-09-14,96020.09
A00394,C0551,Current,2025-12-16,124279.25
A00395,C0231,Current,2025-08-30,429482.91
A00396,C0148,Current,2024-04-11,457796.88
A00397,C0576,Current,2024-07-01,484054.16
A00398,C0571,Savings,2024-04-06,197267.43
A00399,C0262,Savings,2024-02-11,168480.18
A00400,C0081,Current,2025-09-11,424331.03
A00401,C0095,Savings,2025-09-19,30510.63
A00402,C0387,Savings,2026-07-01,437442.13
A00403,C0193,Savings,2025-10-29,242300.13
A00404,C0891,Current,2024-12-15,155078.07
A00405,C0931,Savings,2026-03-02,109844.85
A00406,C0195,Savings,2024-07-20,374705.22
A00407,C0773,Current,2024-07-30,457648.44
A00408,C0713,Savings,2024-01-08,201332.87
A00409,C0246,Current,2024-02-19,388879.37
A00410,C0390,Current,2025-10-16,269156.81
A00411,C0368,Current,2025-10-15,134473.01
A00412,C0526,Current,2025-12-06,235672.01
A00413,C0823,Current,2026-07-09,382006.34
A00414,C0328,Savings,2024-09-29,188498.94
A00415,C0424,Savings,2026-07-06,283449.74
A00416,C0227,Savings,2026-09-03,13028.85
A00417,C0567,Current,2025-08-08,151120.18
A00418,C0201,Current,2026-09-12,118859.22
A00419,C0584,Savings,2023-11-11,252154.23
A00420,C0671,Current,2025-11-30,132376.75
A00421,C0842,Current,2024-02-07,483421.59
A00422,C0658,Current,2025-09-13,233110.35
A00423,C0751,Current,2024-11-13,88786.53
A00424,C0738,Current,2024-10-01,96103.65
A00425,C0911,Savings,2025-05-24,264352.49
A00426,C0860,Savings,2025-06-02,472868.12
A00427,C0685,Savings,2024-03-10,383347.73
A00428,C0423,Savings,2026-05-28,422059.63
A00429,C0237,Savings,2025-01-30,355048.93
A00430,C0010,Savings,2026-08-05,255337.8
A00431,C0383,Savings,2026-01-14,310828.44
A00432,C0683,Current,2025-05-16,331345.75
A00433,C0017,Savings,2026-07-27,268445.18
A00434,C0422,Savings,2025-09-15,13279.44
A00435,C0740,Current,2024-05-07,270190.36
A00436,C0294,Savings,2026-02-28,253596.94
A00437,C0715,Current,2023-10-30,404053.01
A00438,C0932,Savings,2026-02-07,57973.13
A00439,C0099,Savings,2026-01-30,124279.57
A00440,C0635,Current,2023-10-30,408531.12
A00441,C0274,Current,2026-08-23,44114.53
A00442,C0983,Current,2025-08-19,232203.88
A00443,C0250,Savings,2025-10-19,153487.45
A00444,C0848,Savings,2024-02-19,328599.18
A00445,C0879,Savings,2026-08-09,51282.75
A00446,C0389,Current,2024-10-31,278587.21
A00447,C0058,Savings,2024-12-03,352908.35
A00448,C0085,Current,2025-04-09,423438.25
A00449,C0661,Current,2023-10-10,285099.03
A00450,C0879,Savings,2025-09-28,447921.65
A00451,C0942,Savings,2025-11-10,118734.42
A00452,C0923,Current,2025-01-10,139192.05
A00453,C0947,Savings,2023-11-18,343792.23
A00454,C0288,Savings,2024-03-17,93780.48
A00455,C0871,Current,2024-11-04,12750.76
A00456,C0213,Savings,2026-01-23,377365.96
A00457,C0730,Current,2024-04-16,464793.1
A00458,C0307,Savings,2025-08-31,284159.31
A00459,C0581,Current,2025-07-25,340132.31
A00460,C0554,Current,2026-01-28,195003.88
A00461,C0758,Savings,2025-07-18,396296.55
A00462,C0706,Savings,2023-11-21,252892.46
A00463,C0998,Current,2025-05-30,31579.73
A00464,C0448,Savings,2026-01-27,420143.96
A00465,C0349,Current,2026-08-20,484615.66
A00466,C0335,Savings,2023-10-24,318890.86
A00467,C0803,Current,2024-11-06,247848.71
A00468,C0365,Current,2025-09-02,218764.73
A00469,C0697,Current,2026-05-03,47418.59
A00470,C0634,Current,2025-06-16,400037.31
A00471,C0731,Savings,2025-09-09,45608.81
A00472,C0158,Current,2024-10-09,357280.19
A00473,C0650,Savings,2025-01-15,371129.37
A00474,C0325,Current,2024-08-24,57742.7
A00475,C0006,Current,2024-02-05,225144.25
A00476,C0780,Current,2025-01-22,55604.55
A00477,C0090,Savings,2024-01-31,218334.86
A00478,C0571,Current,2026-02-15,56130.0
A00479,C0092,Current,2025-12-13,279338.8
A00480,C0612,Current,2024-04-14,432540.5
A00481,C0013,Current,2024-06-20,209835.98
A00482,C0798,Savings,2026-07-13,363797.7
A00483,C0573,Savings,2026-06-10,288120.41
A00484,C0174,Current,2026-05-04,88903.36
A00485,C0276,Current,2026-05-20,137861.36
A00486,C0150,Savings,2025-12-12,87767.66
A00487,C0283,Current,2025-01-27,153377.37
A00488,C0802,Savings,2024-04-02,183756.83
A00489,C0967,Savings,2024-03-12,361845.23
A00490,C0508,Savings,2024-07-05,231641.51
A00491,C0139,Current,2024-11-28,8349.85
A00492,C0406,Current,2026-05-28,421598.63
A00493,C0390,Current,2025-01-10,222910.35
A00494,C0441,Savings,2025-04-26,153715.47
A00495,C0618,Savings,2025-12-19,242109.82
A00496,C0182,Current,2025-04-25,484518.98
A00497,C0299,Current,2026-03-04,484042.73
A00498,C0801,Savings,2025-05-15,166313.69
A00499,C0288,Current,2023-12-18,185682.69
A00500,C0955,Savings,2024-11-14,298152.38
A00501,C0559,Savings,2025-06-02,342447.75
A00502,C0564,Savings,2024-10-27,476737.28
A00503,C0473,Savings,2025-12-02,222035.2
A00504,C0299,Savings,2026-05-11,410387.96
A00505,C0815,Current,2026-06-01,338123.94
A00506,C0143,Current,2024-06-06,124800.48
A00507,C0675,Savings,2024-01-15,359042.01
A00508,C0809,Current,2024-05-06,41612.74
A00509,C0613,Current,2025-11-03,293210.79
A00510,C0548,Current,2026-01-05,274104.38
A00511,C0810,Current,2026-08-18,352308.97
A00512,C0832,Savings,2024-03-26,59137.87
A00513,C0255,Current,2025-01-19,87337.55
A00514,C0628,Savings,2024-03-03,283794.04
A00515,C0661,Current,2023-10-03,483571.51
A00516,C0340,Current,2025-12-10,57442.55
A00517,C0101,Current,2025-10-20,114890.53
A00518,C0765,Savings,2024-10-18,225660.38
A00519,C0401,Current,2024-02-13,387309.41
A00520,C0603,Savings,2023-11-08,175758.86
A00521,C0026,Current,2025-06-07,56751.93
A00522,C0426,Savings,2024-02-19,62454.32
A00523,C0964,Savings,2026-05-17,177422.68
A00524,C0352,Current,2026-04-29,393213.65
A00525,C0534,Current,2024-09-13,177408.65
A00526,C0100,Current,2024-04-26,362387.0
A00527,C0464,Current,2026-04-07,38251.3
A00528,C0046,Savings,2024-01-23,16179.63
A00529,C0352,Savings,2023-12-27,340183.97
A00530,C0169,Savings,2024-09-20,260416.98
A00531,C0566,Savings,2025-06-23,168839.88
A00532,C0437,Current,2025-06-15,119768.5
A00533,C0415,Savings,2026-07-25,97261.53
A00534,C0674,Current,2025-12-11,200813.28
A00535,C0756,Savings,2025-12-12,227539.63
A00536,C0440,Current,2024-01-18,7202.77
A00537,C0220,Savings,2024-02-26,142780.69
A00538,C0721,Savings,2023-11-07,290787.21
A00539,C0819,Savings,2026-05-06,186067.55
A00540,C0202,Current,2026-04-13,61407.71
A00541,C0687,Current,2026-06-03,266218.93
A00542,C0655,Current,2025-01-04,300500.56
A00543,C0626,Current,2024-05-23,295567.33
A00544,C0357,Current,2025-09-21,423531.31
A00545,C0633,Savings,2024-04-09,407800.44
A00546,C0723,Current,2025-03-23,459747.88
A00547,C0605,Savings,2025-10-14,337694.49
A00548,C0321,Savings,2024-03-29,123093.5
A00549,C0120,Savings,2023-11-29,189786.51
A00550,C0145,Current,2025-08-04,212028.36
A00551,C0142,Current,2025-10-25,214404.2
A00552,C0499,Savings,2024-01-03,279681.73
A00553,C0502,Current,2024-10-26,74446.78
A00554,C0323,Current,2026-06-11,311607.94
A00555,C0887,Current,2024-02-25,476161.77
A00556,C0497,Savings,2025-05-25,101588.6
A00557,C0394,Current,2025-02-02,207521.5
A00558,C0504,Current,2026-02-16,356520.47
A00559,C0455,Current,2024-11-23,87790.48
A00560,C0579,Savings,2026-02-18,398961.04
A00561,C0226,Current,2026-03-05,21184.07
A00562,C0231,Current,2026-08-22,88263.44
A00563,C0469,Current,2023-10-02,277114.46
A00564,C0116,Savings,2024-10-03,137605.01
A00565,C0557,Current,2026-05-31,273311.47
A00566,C0775,Savings,2026-01-06,381202.04
A00567,C0452,Savings,2023-10-02,494938.99
A00568,C0105,Savings,2024-03-19,152365.92
A00569,C0034,Current,2023-11-01,135093.54
A00570,C0883,Savings,2025-10-24,222339.6
A00571,C0121,Savings,2024-01-07,108889.69
A00572,C0756,Current,2024-09-19,431219.1
A00573,C0625,Current,2025-08-31,87160.9
A00574,C0143,Savings,2025-02-17,407697.28
A00575,C0825,Savings,2026-02-16,287186.8
A00576,C0546,Current,2024-12-25,300444.55
A00577,C0173,Current,2025-05-08,489605.08
A00578,C0300,Current,2026-04-03,288504.11
A00579,C0976,Savings,2025-10-10,72116.51
A00580,C0769,Current,2025-08-29,459790.51
A00581,C0284,Savings,2024-02-10,352206.13
A00582,C0136,Savings,2026-07-05,77390.5
A00583,C0330,Savings,2026-08-09,381929.43
A00584,C0693,Current,2024-01-15,247282.07
A00585,C0592,Current,2024-05-21,315767.35
A00586,C0385,Current,2025-04-25,42380.56
A00587,C0814,Savings,2023-12-05,204411.13
A00588,C0768,Current,2026-01-13,348878.29
A00589,C0899,Current,2026-02-08,230074.35
A00590,C0500,Current,2024-06-12,293067.99
A00591,C0890,Savings,2026-07-26,366811.31
A00592,C0470,Current,2024-05-11,425802.59
A00593,C0815,Current,2023-11-02,112825.82
A00594,C0440,Savings,2024-05-24,249883.9
A00595,C0331,Current,2023-11-12,172188.8
A00596,C0592,Savings,2024-03-01,285240.34
A00597,C0497,Current,2025-10-02,447606.56
A00598,C0781,Savings,2025-09-09,27741.75
A00599,C0642,Current,2023-12-25,13059.27
A00600,C0952,Savings,2024-09-03,223436.54
A00601,C0001,Current,2024-03-07,105147.51
A00602,C0706,Savings,2026-03-24,441663.14
A00603,C0310,Savings,2024-01-11,437839.57
A00604,C0898,Current,2024-01-20,51203.29
A00605,C0370,Current,2024-05-31,45798.16
A00606,C0681,Savings,2025-06-23,30634.7
A00607,C0641,Current,2025-06-07,364364.24
A00608,C0774,Savings,2025-04-21,217469.32
A00609,C0094,Savings,2024-09-29,5537.72
A00610,C0489,Savings,2024-12-06,70686.4
A00611,C0232,Current,2025-06-30,9597.04
A00612,C0713,Current,2026-06-28,409468.97
A00613,C0881,Current,2026-08-12,348545.35
A00614,C0490,Savings,2025-03-07,118328.7
A00615,C0092,Savings,2026-05-23,56084.76
A00616,C0377,Current,2025-10-13,72879.0
A00617,C0793,Savings,2026-08-13,322580.19
A00618,C0694,Savings,2025-01-06,38863.75
A00619,C0577,Savings,2026-06-04,307108.02
A00620,C0169,Current,2024-12-16,178837.92
A00621,C0219,Savings,2024-02-16,460347.59
A00622,C0631,Current,2024-08-20,430681.45
A00623,C0089,Savings,2026-07-03,74306.51
A00624,C0127,Current,2024-10-19,179010.14
A00625,C0440,Current,2026-09-13,396582.95
A00626,C0254,Current,2024-08-10,324087.18
A00627,C0255,Current,2025-01-28,390589.98
A00628,C0708,Savings,2025-01-01,424706.59
A00629,C0675,Current,2025-10-05,106695.63
A00630,C0622,Savings,2024-03-05,375182.6
A00631,C0303,Savings,2026-02-22,392981.79
A00632,C0813,Savings,2026-06-11,249969.42
A00633,C0116,Savings,2024-05-27,252293.36
A00634,C0609,Savings,2024-02-01,266501.82
A00635,C0013,Current,2025-10-28,467292.58
A00636,C0136,Current,2026-03-11,431102.93
A00637,C0583,Current,2026-07-10,185879.17
A00638,C0700,Savings,2023-11-14,382549.34
A00639,C0978,Savings,2024-01-09,13261.25
A00640,C0070,Savings,2026-03-31,134781.71
A00641,C0041,Savings,2026-09-11,474596.6
A00642,C0408,Current,2025-04-14,316142.49
A00643,C0514,Current,2023-10-23,214669.74
A00644,C0412,Savings,2026-05-24,322065.96
A00645,C0551,Savings,2024-01-15,142346.53
A00646,C0318,Savings,2025-07-29,258095.83
A00647,C0209,Savings,2025-04-17,270513.14
A00648,C0401,Savings,2025-03-16,158533.9
A00649,C0448,Savings,2024-10-17,33663.44
A00650,C0089,Current,2025-09-01,62413.36
A00651,C0627,Savings,2024-08-26,158098.58
A00652,C0760,Savings,2023-11-01,64124.29
A00653,C0725,Savings,2025-03-24,352242.31
A00654,C0168,Current,2023-11-03,476743.02
A00655,C0536,Current,2025-06-27,87646.66
A00656,C0130,Current,2024-11-02,367803.24
A00657,C0121,Savings,2026-05-30,170830.46
A00658,C0440,Current,2024-02-18,264307.83
A00659,C0270,Savings,2025-07-09,250593.05
A00660,C0524,Current,2025-04-28,32442.36
A00661,C0880,Savings,2026-07-17,187005.45
A00662,C0262,Savings,2023-12-27,447662.87
A00663,C0691,Savings,2024-05-15,118060.19
A00664,C0522,Savings,2024-11-12,26798.76
A00665,C0884,Savings,2025-10-03,126052.97
A00666,C0484,Current,2026-08-05,194574.84
A00667,C0154,Savings,2026-06-18,465924.24
A00668,C0879,Savings,2024-09-04,278668.07
A00669,C0936,Current,2024-08-12,116135.08
A00670,C0255,Current,2026-02-14,458348.11
A00671,C0328,Current,2026-07-27,413868.51
A00672,C0586,Current,2025-04-26,64103.46
A00673,C0690,Savings,2026-02-22,93775.45
A00674,C0824,Savings,2023-10-17,477269.31
A00675,C0071,Current,2025-03-07,433685.95
A00676,C0793,Current,2024-01-07,167013.96
A00677,C0567,Current,2025-06-30,8944.74
A00678,C0206,Current,2026-05-22,284084.34
A00679,C0312,Savings,2026-07-27,234643.71
A00680,C0606,Current,2024-04-20,498904.62
A00681,C0795,Savings,2025-03-06,367569.35
A00682,C0560,Savings,2026-07-27,79530.36
A00683,C0955,Current,2026-08-24,16835.58
A00684,C0555,Current,2026-03-13,319791.21
A00685,C0711,Savings,2025-04-29,475740.18
A00686,C0002,Current,2026-01-05,425257.96
A00687,C0745,Current,2025-03-07,56454.76
A00688,C0543,Savings,2025-09-04,212808.84
A00689,C0985,Savings,2023-11-15,486416.82
A00690,C0146,Current,2025-07-04,51048.19
A00691,C0944,Savings,2025-09-07,449157.3
A00692,C0533,Current,2025-04-07,351919.22
A00693,C0382,Current,2025-03-22,487404.62
A00694,C0087,Savings,2024-01-01,255186.74
A00695,C0653,Current,2024-02-28,42041.09
A00696,C0582,Savings,2025-04-13,220316.52
A00697,C0988,Savings,2024-03-30,122202.01
A00698,C0268,Current,2025-04-13,463390.77
A00699,C0403,Current,2025-01-27,162438.57
A00700,C0279,Savings,2026-07-18,41970.28
A00701,C0208,Savings,2025-01-21,391068.81
A00702,C0599,Savings,2024-05-19,81928.22
A00703,C0169,Current,2025-06-20,235697.28
A00704,C0417,Savings,2025-02-19,270282.65
A00705,C0988,Savings,2024-08-17,228698.95
A00706,C0475,Current,2026-03-27,426978.68
A00707,C0093,Savings,2025-06-22,404760.47
A00708,C0312,Savings,2024-03-16,111435.29
A00709,C0878,Current,2024-07-10,78420.28
A00710,C0729,Savings,2025-06-03,484358.0
A00711,C0406,Savings,2026-01-03,340205.77
A00712,C0267,Savings,2025-09-08,20385.64
A00713,C0415,Current,2024-10-08,280197.11
A00714,C0564,Savings,2025-06-03,51889.01
A00715,C0105,Savings,2025-06-18,65119.36
A00716,C0064,Savings,2023-11-17,69704.04
A00717,C0844,Current,2023-10-21,189258.67
A00718,C0646,Savings,2025-01-04,293250.28
A00719,C0266,Savings,2024-02-17,15791.09
A00720,C0067,Savings,2026-04-27,451735.56
A00721,C0455,Savings,2024-10-11,50529.43
A00722,C0868,Current,2024-01-06,65651.19
A00723,C0965,Current,2025-08-27,30065.66
A00724,C0947,Current,2025-02-04,411734.27
A00725,C0405,Current,2026-02-14,19593.74
A00726,C0700,Current,2025-06-23,90539.57
A00727,C0220,Savings,2025-12-22,141115.98
A00728,C0457,Savings,2026-04-15,22151.47
A00729,C0635,Savings,2023-10-22,325402.81
A00730,C0511,Current,2025-04-01,441975.39
A00731,C0491,Savings,2023-10-12,48422.17
A00732,C0393,Savings,2024-03-02,212521.24
A00733,C0659,Savings,2025-06-25,317223.42
A00734,C0822,Savings,2025-04-18,494754.79
A00735,C0801,Current,2024-12-11,242443.8
A00736,C0801,Current,2026-08-03,175296.89
A00737,C0580,Current,2025-03-10,197248.73
A00738,C0185,Savings,2024-07-04,162844.4
A00739,C0225,Savings,2025-07-17,448403.57
A00740,C0798,Current,2026-07-16,34002.66
A00741,C0484,Current,2026-07-03,384586.87
A00742,C0239,Savings,2025-11-18,54566.5
A00743,C0673,Savings,2026-08-31,136930.87
A00744,C0836,Savings,2026-01-05,383204.61
A00745,C0971,Savings,2024-04-06,289967.59
A00746,C0817,Current,2025-02-11,180628.29
A00747,C0860,Savings,2025-10-12,92169.68
A00748,C0607,Current,2024-01-17,404074.06
A00749,C0715,Current,2024-01-09,457420.1
A00750,C0029,Current,2025-11-21,474041.57
A00751,C0578,Savings,2026-02-09,283738.9
A00752,C0193,Current,2026-06-19,273351.68
A00753,C0180,Current,2025-10-21,23792.05
A00754,C0058,Savings,2025-08-21,302823.08
A00755,C0021,Current,2023-10-11,5338.33
A00756,C0940,Savings,2026-05-16,404190.48
A00757,C0349,Savings,2025-02-11,459796.49
A00758,C0865,Current,2025-05-20,34480.2
A00759,C0152,Savings,2023-12-04,388311.42
A00760,C0867,Current,2023-12-26,480476.58
A00761,C0383,Current,2025-02-05,295078.25
A00762,C0345,Current,2025-01-06,164688.59
A00763,C1000,Savings,2023-12-11,367514.25
A00764,C0448,Current,2025-09-14,326344.23
A00765,C0179,Current,2024-12-27,115502.42
A00766,C0604,Savings,2026-06-02,192300.13
A00767,C0752,Current,2024-01-05,68037.44
A00768,C0747,Savings,2024-10-24,474650.11
A00769,C0972,Current,2024-04-18,426124.7
A00770,C0790,Savings,2025-10-21,95130.47
A00771,C0326,Savings,2024-09-01,321625.15
A00772,C0107,Current,2025-04-09,74618.47
A00773,C0764,Savings,2023-11-12,122807.98
A00774,C0328,Savings,2024-12-10,319912.45
A00775,C0987,Savings,2024-02-09,411722.59
A00776,C0687,Current,2025-02-23,226081.82
A00777,C0272,Savings,2023-11-03,128522.73
A00778,C0070,Current,2026-03-27,132045.68
A00779,C0111,Savings,2025-06-19,28832.99
A00780,C0449,Current,2025-06-03,484705.4
A00781,C0906,Current,2026-02-28,249075.59
A00782,C0388,Current,2025-03-13,275281.86
A00783,C0104,Current,2026-08-11,395421.35
A00784,C0592,Savings,2025-03-17,85514.97
A00785,C0076,Savings,2025-10-14,150979.76
A00786,C0327,Current,2026-07-11,476072.76
A00787,C0076,Current,2024-08-21,89202.08
A00788,C0385,Savings,2026-05-17,367332.62
A00789,C0561,Savings,2024-03-08,172285.54
A00790,C0629,Current,2023-10-20,353729.8
A00791,C0442,Savings,2026-04-24,305622.22
A00792,C0445,Savings,2024-12-13,31510.09
A00793,C0340,Savings,2024-04-27,487327.22
A00794,C0420,Current,2026-06-27,331995.96
A00795,C0305,Savings,2025-02-01,52478.38
A00796,C0403,Current,2024-10-23,81027.02
A00797,C0370,Savings,2026-03-23,216664.95
A00798,C0302,Current,2024-05-18,103839.03
A00799,C0027,Savings,2024-08-04,89561.93
A00800,C0299,Savings,2025-01-21,239417.47
A00801,C0119,Current,2025-06-29,393513.9
A00802,C0483,Current,2025-11-28,447964.35
A00803,C0272,Savings,2025-04-10,322723.86
A00804,C0397,Savings,2025-11-08,188655.16
A00805,C0391,Current,2026-08-31,97358.56
A00806,C0046,Current,2025-10-26,222671.51
A00807,C0270,Savings,2024-01-29,419353.98
A00808,C0578,Savings,2024-08-08,79809.68
A00809,C0714,Savings,2024-08-21,47425.12
A00810,C0353,Current,2023-12-26,485499.24
A00811,C0604,Savings,2025-11-15,279032.94
A00812,C0861,Current,2025-08-13,410110.58
A00813,C0429,Current,2024-10-01,288493.57
A00814,C0242,Current,2026-09-01,152931.79
A00815,C0405,Savings,2024-08-12,253540.23
A00816,C0923,Savings,2025-06-08,64539.53
A00817,C0776,Current,2023-12-08,90575.09
A00818,C0172,Savings,2025-12-08,405188.06
A00819,C0130,Savings,2023-10-20,214570.58
A00820,C0700,Current,2025-02-16,104950.04
A00821,C0843,Savings,2026-01-20,417883.52
A00822,C0265,Current,2026-05-17,455848.22
A00823,C0937,Savings,2024-08-15,48078.58
A00824,C0570,Current,2024-04-01,278266.82
A00825,C0878,Current,2026-01-13,262245.65
A00826,C0940,Savings,2023-11-28,394342.57
A00827,C0639,Current,2026-02-06,60696.83
A00828,C0154,Savings,2023-12-03,285463.99
A00829,C0597,Savings,2024-04-01,462839.44
A00830,C0577,Savings,2024-04-19,393944.09
A00831,C0889,Current,2024-03-26,439557.31
A00832,C0271,Current,2024-08-29,329119.9
A00833,C0586,Current,2024-12-04,23545.51
A00834,C0283,Current,2026-02-28,76207.07
A00835,C0624,Current,2024-03-18,24197.35
A00836,C0911,Current,2026-08-18,346804.31
A00837,C0051,Current,2025-12-20,460813.32
A00838,C0919,Current,2026-03-01,15015.28
A00839,C0838,Current,2026-01-31,158919.9
A00840,C0864,Current,2024-07-27,429826.22
A00841,C0702,Savings,2026-01-08,486385.84
A00842,C0234,Savings,2024-02-29,153737.82
A00843,C0762,Current,2024-02-05,388145.3
A00844,C0329,Current,2025-01-28,365755.71
A00845,C0620,Savings,2024-09-05,98028.17
A00846,C0217,Current,2025-10-02,371767.68
A00847,C0778,Current,2025-09-30,411403.61
A00848,C0528,Savings,2024-04-15,37480.4
A00849,C0727,Current,2026-04-21,72146.66
A00850,C0872,Savings,2024-02-12,90999.99
A00851,C0897,Savings,2026-02-04,419303.46
A00852,C0256,Savings,2026-03-21,230942.09
A00853,C0941,Current,2023-12-15,353793.8
A00854,C0281,Current,2026-06-16,412635.61
A00855,C0518,Current,2026-06-10,319527.86
A00856,C0127,Savings,2024-03-20,124759.36
A00857,C0501,Current,2026-08-19,92903.93
A00858,C0892,Current,2025-08-21,295505.72
A00859,C0359,Current,2024-02-16,85939.24
A00860,C0916,Current,2023-12-22,375735.76
A00861,C0706,Savings,2024-12-04,146109.34
A00862,C0396,Savings,2026-07-15,85639.17
A00863,C0586,Savings,2023-10-19,429270.04
A00864,C0663,Savings,2024-11-19,340459.15
A00865,C0276,Current,2025-08-30,259074.21
A00866,C0886,Savings,2024-05-03,239678.12
A00867,C0136,Savings,2026-05-09,302565.27
A00868,C0009,Savings,2024-03-28,129933.27
A00869,C0825,Current,2026-02-27,357806.54
A00870,C0727,Current,2025-12-25,214784.37
A00871,C0386,Current,2024-08-19,232204.02
A00872,C0224,Current,2025-04-11,154561.82
A00873,C0534,Current,2024-02-20,294321.14
A00874,C0008,Current,2025-07-09,282921.27
A00875,C0609,Current,2026-05-15,152745.58
A00876,C0111,Current,2024-05-02,36599.34
A00877,C0284,Current,2024-12-21,431438.34
A00878,C0268,Current,2024-06-29,98238.24
A00879,C0530,Savings,2026-03-25,450345.09
A00880,C0825,Current,2025-09-29,331962.51
A00881,C0698,Savings,2024-10-10,362035.18
A00882,C0672,Current,2024-11-27,498747.2
A00883,C0266,Current,2025-04-14,205276.45
A00884,C0755,Savings,2025-08-01,293596.73
A00885,C0586,Savings,2024-01-22,174867.69
A00886,C0731,Savings,2023-12-28,344727.46
A00887,C0654,Current,2026-04-08,453730.62
A00888,C0688,Current,2025-09-09,256120.85
A00889,C0866,Savings,2026-08-02,421116.15
A00890,C0898,Savings,2025-09-18,150423.11
A00891,C0483,Savings,2025-02-13,371754.85
A00892,C0743,Savings,2024-12-29,473727.07
A00893,C0922,Current,2024-08-31,328945.15
A00894,C0228,Current,2024-03-01,115547.32
A00895,C0893,Current,2025-05-03,213133.92
A00896,C0909,Current,2024-11-02,188982.8
A00897,C0600,Current,2024-01-08,234561.51
A00898,C0121,Current,2026-05-17,31570.09
A00899,C0650,Savings,2024-06-13,238748.74
A00900,C0200,Savings,2026-01-15,434411.39
A00901,C0391,Current,2026-01-28,209488.09
A00902,C0892,Savings,2026-07-02,72995.8
A00903,C0206,Current,2025-02-24,207549.96
A00904,C0584,Current,2025-04-25,75895.96
A00905,C0884,Savings,2023-11-30,390575.88
A00906,C0500,Current,2025-01-30,317361.22
A00907,C0182,Current,2024-05-26,319076.99
A00908,C0005,Current,2024-04-26,140396.29
A00909,C0780,Savings,2025-11-15,290258.06
A00910,C0163,Current,2026-07-05,393679.4
A00911,C0799,Savings,2026-07-30,69055.95
A00912,C0445,Current,2026-05-21,204679.77
A00913,C0989,Current,2024-05-01,194741.63
A00914,C0039,Savings,2024-01-31,366676.24
A00915,C0973,Savings,2026-01-08,446543.16
A00916,C0776,Savings,2024-02-13,13868.48
A00917,C0005,Savings,2024-11-26,117001.53
A00918,C0899,Current,2024-11-19,159485.67
A00919,C0106,Current,2025-06-02,254151.56
A00920,C0314,Savings,2025-06-06,37317.08
A00921,C0047,Current,2024-04-13,474489.37
A00922,C0467,Current,2026-04-08,219664.29
A00923,C0704,Savings,2024-05-20,174652.76
A00924,C0924,Current,2025-02-03,182829.19
A00925,C0193,Savings,2026-07-28,474301.76
A00926,C0941,Current,2025-06-30,14466.74
A00927,C0230,Savings,2026-02-03,109539.16
A00928,C0023,Savings,2025-03-01,65965.18
A00929,C0729,Savings,2023-10-15,190720.25
A00930,C0656,Current,2025-02-01,386768.58
A00931,C0639,Savings,2024-05-05,298992.41
A00932,C0050,Savings,2024-10-23,328515.97
A00933,C0021,Savings,2024-04-15,346426.13
A00934,C0427,Current,2026-08-24,193225.61
A00935,C0561,Current,2026-03-08,239826.19
A00936,C0157,Savings,2025-01-02,349120.05
A00937,C0646,Savings,2026-05-10,154052.65
A00938,C0678,Savings,2024-11-20,332929.07
A00939,C0277,Savings,2024-11-30,212318.75
A00940,C0921,Savings,2024-09-19,258234.47
A00941,C0633,Savings,2023-10-20,144939.85
A00942,C0804,Savings,2025-11-21,251380.84
A00943,C0624,Savings,2026-06-13,390089.66
A00944,C0852,Savings,2023-11-27,182171.31
A00945,C0420,Current,2026-02-27,84384.93
A00946,C0562,Current,2025-01-19,455626.53
A00947,C0705,Current,2024-12-28,168648.79
A00948,C0003,Savings,2023-12-30,337458.4
A00949,C0929,Savings,2026-06-15,418439.92
A00950,C0686,Current,2025-06-02,78826.52
A00951,C0093,Savings,2024-07-18,363163.99
A00952,C0104,Current,2024-11-06,323946.71
A00953,C0468,Current,2025-07-20,135741.89
A00954,C0052,Savings,2025-08-14,407523.31
A00955,C0896,Savings,2024-07-04,426863.1
A00956,C0369,Current,2024-08-05,215867.63
A00957,C0119,Savings,2026-01-18,426366.72
A00958,C0912,Savings,2026-06-19,9787.8
A00959,C0142,Savings,2025-05-26,167687.11
A00960,C0916,Current,2023-10-22,477769.13
A00961,C0275,Savings,2024-05-19,189447.97
A00962,C0351,Savings,2025-06-16,61346.84
A00963,C0410,Current,2024-03-13,139557.38
A00964,C0395,Current,2024-05-04,400950.05
A00965,C0665,Savings,2025-11-26,60963.0
A00966,C0713,Savings,2026-01-02,490876.74
A00967,C0865,Savings,2026-08-21,56337.99
A00968,C0934,Current,2025-04-15,402121.07
A00969,C0695,Current,2025-08-16,94723.98
A00970,C0389,Current,2023-11-23,307622.42
A00971,C0884,Savings,2025-12-10,244124.43
A00972,C0500,Savings,2024-10-25,444358.99
A00973,C0452,Savings,2024-06-04,36351.34
A00974,C0671,Current,2024-01-27,11118.31
A00975,C0890,Savings,2024-05-10,489058.3
A00976,C0686,Current,2024-11-08,261954.34
A00977,C0705,Savings,2024-09-10,219259.71
A00978,C0745,Savings,2026-05-27,243555.19
A00979,C0680,Current,2024-08-10,78583.95
A00980,C0847,Savings,2025-04-16,10764.21
A00981,C0957,Savings,2026-03-25,255255.95
A00982,C0481,Current,2024-10-30,435360.74
A00983,C0077,Current,2025-12-31,163713.74
A00984,C0339,Current,2025-11-18,29923.6
A00985,C0229,Current,2024-01-20,204622.11
A00986,C0241,Savings,2025-08-27,232251.82
A00987,C0821,Current,2023-10-12,48569.83
A00988,C0511,Current,2026-06-11,161450.46
A00989,C0510,Savings,2025-01-25,55808.44
A00990,C0423,Savings,2026-08-02,280779.85
A00991,C0001,Savings,2025-02-04,396932.73
A00992,C0987,Current,2025-08-02,445604.89
A00993,C0576,Savings,2026-09-14,329025.01
A00994,C0468,Current,2026-06-27,184854.53
A00995,C0056,Savings,2025-09-20,422937.13
A00996,C0340,Current,2025-07-27,359745.74
A00997,C0373,Current,2025-02-05,61441.56
A00998,C0778,Savings,2024-01-08,6087.49
A00999,C0364,Current,2024-06-02,276106.84
A01000,C0383,Savings,2024-08-28,27660.16
A01001,C0169,Current,2026-03-04,74522.35
A01002,C0735,Current,2026-07-30,57945.95
A01003,C0626,Savings,2026-03-19,97833.98
A01004,C0953,Current,2026-09-10,111716.8
A01005,C0845,Savings,2025-05-13,359810.02
A01006,C0111,Current,2024-11-29,28017.68
A01007,C0649,Savings,2025-08-04,387211.86
A01008,C0462,Current,2026-05-07,330936.06
A01009,C0980,Savings,2026-02-19,482108.1
A01010,C0005,Savings,2025-02-22,278847.03
A01011,C0444,Current,2025-08-12,462563.58
A01012,C0800,Savings,2025-02-10,347449.77
A01013,C0178,Savings,2024-02-08,56259.21
A01014,C0674,Current,2023-10-23,254534.51
A01015,C0394,Current,2025-08-19,489852.88
A01016,C0938,Savings,2023-11-22,140429.96
A01017,C0987,Current,2026-02-10,485393.37
A01018,C0464,Savings,2026-07-19,73399.1
A01019,C0617,Current,2025-08-21,422321.84
A01020,C0561,Current,2024-04-20,357377.81
A01021,C0958,Savings,2025-03-13,104440.1
A01022,C0640,Current,2024-12-26,344872.59
A01023,C0944,Savings,2026-03-18,490761.07
A01024,C0666,Savings,2026-06-16,254427.25
A01025,C0711,Current,2025-08-16,356624.6
A01026,C0780,Current,2026-05-12,283328.7
A01027,C0597,Current,2025-07-11,338750.53
A01028,C0916,Current,2024-01-28,439351.23
A01029,C0433,Savings,2025-10-05,263751.34
A01030,C0026,Current,2023-10-19,76936.72
A01031,C0687,Savings,2026-08-31,103951.7
A01032,C0769,Savings,2026-09-01,491848.53
A01033,C0700,Current,2025-06-23,77482.05
A01034,C0064,Current,2025-07-29,105980.45
A01035,C0555,Savings,2024-07-27,182547.81
A01036,C0464,Savings,2026-04-12,309973.87
A01037,C0692,Savings,2026-03-02,372494.3
A01038,C0575,Current,2023-10-05,122609.76
A01039,C0804,Current,2026-02-04,348003.36
A01040,C0049,Current,2026-08-01,196839.55
A01041,C0980,Current,2026-04-08,483087.44
A01042,C0056,Savings,2025-10-04,373116.63
A01043,C0208,Current,2026-08-18,415841.82
A01044,C0934,Current,2025-06-27,378778.31
A01045,C0560,Savings,2025-07-16,389192.64
A01046,C0988,Savings,2024-10-07,150617.97
A01047,C0182,Savings,2023-12-31,97553.41
A01048,C0178,Savings,2024-09-26,191713.12
A01049,C0439,Current,2025-04-13,280516.32
A01050,C0134,Savings,2026-03-01,294073.1
A01051,C0262,Savings,2026-01-20,168628.58
A01052,C0727,Savings,2025-08-02,24770.59
A01053,C0951,Current,2025-01-23,300455.76
A01054,C0793,Current,2025-03-16,247822.72
A01055,C0587,Current,2024-05-18,41075.99
A01056,C0725,Current,2026-03-26,265070.56
A01057,C0980,Savings,2024-03-02,262700.11
A01058,C0806,Savings,2026-05-21,210885.97
A01059,C0550,Current,2025-09-14,50513.05
A01060,C0227,Savings,2024-04-12,333350.57
A01061,C0340,Current,2026-04-21,150319.31
A01062,C0974,Current,2024-04-03,498332.39
A01063,C0844,Savings,2024-07-15,61787.37
A01064,C0355,Current,2026-04-27,123972.2
A01065,C0658,Savings,2024-02-13,479653.92
A01066,C0699,Current,2024-01-12,193779.44
A01067,C0816,Savings,2026-02-09,196008.59
A01068,C0554,Current,2025-12-23,17229.34
A01069,C0530,Current,2025-08-01,259582.99
A01070,C0521,Current,2026-05-03,245968.33
A01071,C0304,Savings,2023-10-27,163554.81
A01072,C0085,Savings,2024-01-21,87860.43
A01073,C0980,Savings,2025-07-21,315331.87
A01074,C0216,Savings,2025-04-23,433150.67
A01075,C0435,Savings,2025-11-23,106761.89
A01076,C0849,Current,2024-12-06,325047.77
A01077,C0963,Savings,2026-03-20,374710.96
A01078,C0158,Savings,2025-02-28,232316.49
A01079,C0340,Savings,2023-10-26,48322.84
A01080,C0056,Savings,2024-10-13,398136.32
A01081,C0572,Savings,2025-06-07,289606.34
A01082,C0234,Current,2023-11-21,206778.23
A01083,C0462,Current,2025-01-22,219347.39
A01084,C0018,Current,2026-04-25,338282.87
A01085,C0548,Savings,2024-04-23,322504.26
A01086,C0634,Savings,2025-10-27,379200.5
A01087,C0600,Savings,2025-12-20,351936.61
A01088,C0075,Current,2026-01-23,464383.64
A01089,C0109,Current,2024-07-24,394511.49
A01090,C0309,Savings,2024-10-10,144351.13
A01091,C0949,Current,2024-09-16,193799.72
A01092,C0842,Savings,2024-04-25,239623.9
A01093,C0547,Savings,2025-07-15,72508.82
A01094,C0401,Current,2023-10-08,480266.46
A01095,C0148,Current,2025-05-10,340258.08
A01096,C0937,Current,2023-10-22,478908.87
A01097,C0012,Savings,2025-03-23,66001.4
A01098,C0006,Current,2025-08-23,270890.26
A01099,C0970,Savings,2026-02-26,155822.12
A01100,C0767,Current,2024-06-01,109809.79
A01101,C0928,Savings,2024-11-17,84672.41
A01102,C0227,Current,2025-09-08,101191.48
A01103,C0186,Savings,2026-06-29,426436.92
A01104,C0955,Current,2025-11-04,324113.88
A01105,C0075,Current,2026-07-12,337484.2
A01106,C0257,Savings,2024-08-13,102721.71
A01107,C0595,Current,2024-11-30,476012.25
A01108,C0366,Savings,2026-07-06,337291.31
A01109,C0241,Savings,2024-02-26,146142.89
A01110,C0072,Savings,2025-10-29,162304.04
A01111,C0462,Current,2026-04-04,310089.5
A01112,C0314,Savings,2025-06-22,284948.24
A01113,C0374,Current,2024-12-25,479536.17
A01114,C0173,Savings,2025-12-14,160041.32
A01115,C0805,Savings,2024-04-15,357538.57
A01116,C0657,Current,2024-08-07,141956.52
A01117,C0369,Savings,2023-12-08,341392.19
A01118,C0340,Current,2025-09-09,234109.95
A01119,C0368,Current,2025-04-07,246050.83
A01120,C0112,Savings,2024-01-05,324548.04
A01121,C0084,Current,2023-12-11,430063.26
A01122,C0144,Savings,2025-04-23,135301.15
A01123,C0908,Savings,2025-09-13,365075.56
A01124,C0914,Savings,2024-11-12,425545.7
A01125,C0647,Savings,2024-04-16,407257.99
A01126,C0593,Current,2024-09-25,385754.13
A01127,C0218,Savings,2025-07-06,278039.03
A01128,C0557,Current,2025-08-07,328684.53
A01129,C0153,Current,2026-08-29,199286.68
A01130,C0913,Current,2024-05-28,71271.22
A01131,C0514,Savings,2026-07-12,201408.65
A01132,C0515,Savings,2025-06-26,333025.85
A01133,C0869,Savings,2023-12-10,379817.01
A01134,C0144,Current,2025-08-27,83815.1
A01135,C0580,Savings,2026-02-27,369280.31
A01136,C0496,Current,2025-07-07,25007.81
A01137,C0780,Current,2025-04-12,119716.2
A01138,C0271,Current,2024-09-25,120839.24
A01139,C0685,Savings,2024-06-20,261353.19
A01140,C0811,Current,2024-11-04,197106.09
A01141,C0940,Current,2023-11-30,441368.23
A01142,C0041,Current,2025-03-13,56096.38
A01143,C0992,Current,2025-05-01,418261.77
A01144,C0270,Savings,2026-09-12,191446.49
A01145,C0388,Current,2023-11-25,295901.02
A01146,C0920,Savings,2025-07-13,260748.13
A01147,C0386,Savings,2024-12-24,260604.03
A01148,C0362,Current,2025-03-27,245996.47
A01149,C0494,Savings,2026-06-26,253409.31
A01150,C0143,Current,2024-03-15,86974.88
A01151,C0079,Current,2024-05-15,109700.97
A01152,C0192,Savings,2025-11-30,184300.36
A01153,C0735,Savings,2026-01-23,332249.27
A01154,C0425,Current,2026-08-18,361526.55
A01155,C0494,Current,2026-09-07,242115.48
A01156,C0605,Savings,2025-07-09,325393.32
A01157,C0421,Savings,2025-05-03,125616.8
A01158,C0131,Savings,2024-01-06,71688.4
A01159,C0525,Savings,2025-07-12,445944.85
A01160,C0151,Savings,2025-04-27,87338.98
A01161,C0945,Savings,2025-11-11,260737.14
A01162,C0416,Savings,2024-07-10,439861.95
A01163,C0746,Current,2023-10-03,473890.66
A01164,C0222,Current,2023-10-13,305230.32
A01165,C0483,Current,2025-10-14,89430.56
A01166,C0851,Current,2026-05-31,302415.16
A01167,C0814,Savings,2025-02-09,313489.81
A01168,C0524,Current,2026-05-23,88022.24
A01169,C0703,Current,2023-10-26,461564.21
A01170,C0611,Savings,2023-10-08,118757.82
A01171,C0395,Savings,2025-10-02,58742.21
A01172,C0208,Current,2025-07-07,414124.52
A01173,C0621,Savings,2024-04-14,92823.98
A01174,C0924,Savings,2024-02-28,439487.56
A01175,C0545,Savings,2024-09-16,51129.03
A01176,C0676,Savings,2025-08-09,451482.45
A01177,C0553,Savings,2023-10-10,448999.63
A01178,C0794,Current,2025-11-28,263411.89
A01179,C0380,Savings,2026-06-01,350333.19
A01180,C0440,Savings,2024-11-28,469518.71
A01181,C0494,Current,2025-08-14,178506.32
A01182,C0824,Savings,2024-07-21,215617.25
A01183,C0261,Current,2024-11-03,384100.15
A01184,C0932,Savings,2023-10-09,145217.0
A01185,C0898,Current,2025-01-20,132613.46
A01186,C0006,Savings,2023-10-11,291103.64
A01187,C0121,Savings,2023-10-09,190639.79
A01188,C0211,Current,2024-11-09,207378.31
A01189,C0110,Savings,2026-08-04,215905.44
A01190,C0600,Current,2025-11-18,134344.93
A01191,C0549,Current,2026-02-13,284511.77
A01192,C0627,Current,2024-04-26,495940.34
A01193,C0407,Savings,2023-11-27,209547.94
A01194,C0803,Current,2025-07-01,93466.2
A01195,C0573,Current,2023-11-18,130619.93
A01196,C0315,Current,2025-05-26,388226.27
A01197,C0408,Savings,2023-11-27,428224.47
A01198,C0676,Savings,2025-08-11,375168.03
A01199,C0458,Savings,2025-04-17,54637.92
A01200,C0521,Current,2025-10-14,394110.16
