branch_id,branch_name,city,state
B001,Bangalore Branch 1,Bangalore,Karnataka
B002,Chennai Branch 2,Chennai,Tamil Nadu
B003,Pune Branch 3,Pune,Maharashtra
B004,Mumbai Branch 4,Mumbai,Maharashtra
B005,Mumbai Branch 5,Mumbai,Maharashtra
B006,Hyderabad Branch 6,Hyderabad,Telangana
B007,Bangalore Branch 7,Bangalore,Karnataka
B008,Bangalore Branch 8,Bangalore,Karnataka
B009,Kochi Branch 9,Kochi,Kerala
B010,Chennai Branch 10,Chennai,Tamil Nadu
B011,Chennai Branch 11,Chennai,Tamil Nadu
B012,Bangalore Branch 12,Bangalore,Karnataka
B013,Mumbai Branch 13,Mumbai,Maharashtra
B014,Mumbai Branch 14,Mumbai,Maharashtra
B015,Chennai Branch 15,Chennai,Tamil Nadu
B016,Mumbai Branch 16,Mumbai,Maharashtra
B017,Kochi Branch 17,Kochi,Kerala
B018,Mumbai Branch 18,Mumbai,Maharashtra
B019,Coimbatore Branch 19,Coimbatore,Tamil Nadu
B020,Pune Branch 20,Pune,Maharashtra
