customer_id,name,city,state,registration_date
C0001,Yasti Dutta,Chennai,Tamil Nadu,2025-10-19
C0002,Unni Bansal,Hyderabad,Telangana,2025-07-21
C0003,Jagat Dasgupta,Kochi,Kerala,2025-09-21
C0004,Yashodhara Dara,Delhi,Delhi,2023-11-12
C0005,Faris Wali,Pune,Maharashtra,2024-02-15
C0006,Chatresh Goyal,Hyderabad,Telangana,2024-10-29
C0007,Luke Mandal,Mumbai,Maharashtra,2025-10-13
C0008,Yahvi Ratta,Delhi,Delhi,2025-07-02
C0009,Samuel Dada,Bangalore,Karnataka,2024-07-12
C0010,Eta Puri,Bangalore,Karnataka,2024-03-29
C0011,Divya Patil,Kochi,Kerala,2024-03-28
C0012,Tristan Saini,Bangalore,Karnataka,2025-06-20
C0013,Christopher Sami,Delhi,Delhi,2026-05-02
C0014,Kiaan Bala,Delhi,Delhi,2026-05-19
C0015,Samuel Kara,Pune,Maharashtra,2025-05-28
C0016,Rayaan Basu,Chennai,Tamil Nadu,2025-01-20
C0017,Oliver Pathak,Coimbatore,Tamil Nadu,2025-11-03
C0018,Aahana Balan,Bangalore,Karnataka,2024-01-04
C0019,Ansh Chakraborty,Kochi,Kerala,2025-08-15
C0020,Henry Sridhar,Bangalore,Karnataka,2025-10-31
C0021,Nicholas Ravi,Pune,Maharashtra,2024-12-25
C0022,Oscar Sharma,Delhi,Delhi,2025-12-25
C0023,Hamsini Narang,Mumbai,Maharashtra,2023-11-12
C0024,Faraj Kanda,Bangalore,Karnataka,2026-06-16
C0025,Nidhi Kaul,Chennai,Tamil Nadu,2026-02-16
C0026,Mitesh Cherian,Mumbai,Maharashtra,2025-01-12
C0027,Hemangini Dora,Pune,Maharashtra,2026-03-11
C0028,Ojas Uppal,Bangalore,Karnataka,2024-11-29
C0029,Ekantika Ghose,Mumbai,Maharashtra,2024-08-29
C0030,Ojas Saha,Bangalore,Karnataka,2026-01-22
C0031,Jeevika Patla,Kochi,Kerala,2023-12-02
C0032,Bina Doshi,Pune,Maharashtra,2026-07-10
C0033,Kritika Gokhale,Coimbatore,Tamil Nadu,2024-08-06
C0034,Advik Chaudhry,Delhi,Delhi,2025-12-09
C0035,Arya Varughese,Hyderabad,Telangana,2026-08-13
C0036,Meera Kapoor,Delhi,Delhi,2025-12-29
C0037,Lohit Ramachandran,Delhi,Delhi,2023-12-21
C0038,Qasim Sen,Mumbai,Maharashtra,2025-06-19
C0039,Dalaja Walla,Pune,Maharashtra,2026-06-17
C0040,Abha Swamy,Bangalore,Karnataka,2025-10-28
C0041,Aishani Tata,Hyderabad,Telangana,2024-08-12
C0042,Henry Hegde,Mumbai,Maharashtra,2024-11-24
C0043,Sudiksha Patel,Hyderabad,Telangana,2025-06-06
C0044,Yachana Nagarajan,Coimbatore,Tamil Nadu,2023-10-31
C0045,Hemang Zacharia,Kochi,Kerala,2025-04-29
C0046,Deepa Ramaswamy,Pune,Maharashtra,2025-12-02
C0047,Udyati Dayal,Mumbai,Maharashtra,2024-12-10
C0048,Warda Sahota,Delhi,Delhi,2025-04-26
C0049,Yasti Dora,Chennai,Tamil Nadu,2025-04-11
C0050,Veda Wagle,Mumbai,Maharashtra,2024-01-27
C0051,Chatresh Biswas,Chennai,Tamil Nadu,2024-12-21
C0052,Jeevika Dada,Delhi,Delhi,2026-03-24
C0053,Chanchal Sandhu,Kochi,Kerala,2026-02-09
C0054,Jack De,Pune,Maharashtra,2024-11-15
C0055,Balhaar Nayar,Bangalore,Karnataka,2025-03-20
C0056,Ekani Narayan,Mumbai,Maharashtra,2025-07-15
C0057,Yashica Soni,Delhi,Delhi,2023-11-24
C0058,Amaira Dhaliwal,Mumbai,Maharashtra,2024-01-29
C0059,Lekha Bakshi,Coimbatore,Tamil Nadu,2024-09-26
C0060,Christopher Karan,Kochi,Kerala,2026-07-01
C0061,Advika Gandhi,Coimbatore,Tamil Nadu,2025-09-09
C0062,Ekavir Mandal,Hyderabad,Telangana,2025-11-03
C0063,Fariq Lala,Pune,Maharashtra,2026-02-10
C0064,Amrita Sama,Hyderabad,Telangana,2023-11-25
C0065,Maanav Goda,Mumbai,Maharashtra,2024-10-14
C0066,Fiyaz Suri,Pune,Maharashtra,2025-11-28
C0067,Meghana Bose,Kochi,Kerala,2024-03-25
C0068,Farhan Dara,Kochi,Kerala,2024-06-08
C0069,Samar Goswami,Delhi,Delhi,2024-10-23
C0070,Vyanjana Malhotra,Mumbai,Maharashtra,2025-08-04
C0071,Chanakya Arora,Hyderabad,Telangana,2023-10-31
C0072,Aadhya Chowdhury,Coimbatore,Tamil Nadu,2023-12-01
C0073,Lila Bora,Bangalore,Karnataka,2025-10-09
C0074,Ladli Sant,Chennai,Tamil Nadu,2025-12-27
C0075,Gauri Comar,Bangalore,Karnataka,2024-08-28
C0076,Aashi Nadig,Hyderabad,Telangana,2024-07-03
C0077,Triveni Contractor,Hyderabad,Telangana,2024-06-05
C0078,Rohan Char,Kochi,Kerala,2024-12-24
C0079,Gaurangi Bakshi,Bangalore,Karnataka,2025-05-09
C0080,Netra Bakshi,Kochi,Kerala,2024-02-16
C0081,Dhriti Shankar,Kochi,Kerala,2025-10-01
C0082,Daksh Sant,Coimbatore,Tamil Nadu,2026-01-25
C0083,Siya Prabhu,Pune,Maharashtra,2024-01-11
C0084,Maanas Bains,Chennai,Tamil Nadu,2025-10-05
C0085,Manan Lall,Bangalore,Karnataka,2024-03-01
C0086,Wakeeta Khosla,Pune,Maharashtra,2024-03-02
C0087,Daksh Srivastava,Delhi,Delhi,2026-02-11
C0088,Quincy Sabharwal,Bangalore,Karnataka,2026-04-01
C0089,Udyati Sathe,Pune,Maharashtra,2026-06-08
C0090,Maya Chauhan,Kochi,Kerala,2024-02-17
C0091,Warjas Suri,Hyderabad,Telangana,2024-08-14
C0092,Krishna Dhillon,Coimbatore,Tamil Nadu,2024-11-27
C0093,Gaurangi Kaul,Chennai,Tamil Nadu,2023-10-17
C0094,Nakul Chaudhary,Pune,Maharashtra,2023-11-15
C0095,Falan Choudhry,Hyderabad,Telangana,2026-06-30
C0096,Raagini Bains,Bangalore,Karnataka,2025-09-25
C0097,Indrajit Mohanty,Pune,Maharashtra,2025-05-26
C0098,Thomas Rajagopal,Mumbai,Maharashtra,2024-08-23
C0099,Gayathri Johal,Hyderabad,Telangana,2025-01-26
C0100,Pranav Bajaj,Delhi,Delhi,2024-01-18
C0101,Aarna Goda,Hyderabad,Telangana,2025-02-10
C0102,Oscar Ramanathan,Chennai,Tamil Nadu,2025-01-07
C0103,Ijaya Gade,Delhi,Delhi,2025-09-10
C0104,Unni Narang,Coimbatore,Tamil Nadu,2025-04-25
C0105,Chatresh Karan,Chennai,Tamil Nadu,2024-07-08
C0106,Hemangini Ben,Bangalore,Karnataka,2025-01-29
C0107,Chaitaly Dey,Delhi,Delhi,2025-12-10
C0108,Udarsh Muni,Pune,Maharashtra,2026-07-27
C0109,Onveer Ramaswamy,Mumbai,Maharashtra,2025-09-25
C0110,Isaac Kannan,Chennai,Tamil Nadu,2025-12-19
C0111,Panini Goswami,Mumbai,Maharashtra,2025-07-09
C0112,Arin Bhatt,Bangalore,Karnataka,2024-10-01
C0113,Hiral Narain,Bangalore,Karnataka,2025-07-11
C0114,Ekbal Karnik,Coimbatore,Tamil Nadu,2024-12-31
C0115,Divya Oak,Bangalore,Karnataka,2023-10-08
C0116,Kamala Loyal,Hyderabad,Telangana,2025-03-13
C0117,Zaitra Bhandari,Hyderabad,Telangana,2025-10-16
C0118,Eshana Dugal,Coimbatore,Tamil Nadu,2023-11-09
C0119,Jhalak Handa,Hyderabad,Telangana,2024-06-02
C0120,Keya Mand,Pune,Maharashtra,2025-03-08
C0121,Leena Garde,Kochi,Kerala,2026-07-04
C0122,Gayathri Dash,Mumbai,Maharashtra,2025-01-07
C0123,Oscar Ramakrishnan,Mumbai,Maharashtra,2025-09-20
C0124,Yadavi Sangha,Pune,Maharashtra,2026-08-29
C0125,Harita Murty,Kochi,Kerala,2026-02-02
C0126,Yug D’Alia,Delhi,Delhi,2023-12-21
C0127,Arunima Divan,Coimbatore,Tamil Nadu,2023-12-22
C0128,Sneha Grewal,Coimbatore,Tamil Nadu,2025-04-17
C0129,Upma Agarwal,Bangalore,Karnataka,2023-12-27
C0130,Ekalinga Bains,Mumbai,Maharashtra,2024-11-21
C0131,Samar Thaman,Mumbai,Maharashtra,2025-09-27
C0132,Qadim Kari,Bangalore,Karnataka,2026-07-21
C0133,Tanvi Sidhu,Delhi,Delhi,2024-12-30
C0134,Isha More,Chennai,Tamil Nadu,2025-03-02
C0135,Nathaniel Subramaniam,Mumbai,Maharashtra,2024-12-03
C0136,Jagdish Ravi,Mumbai,Maharashtra,2024-07-05
C0137,Vansha Kale,Chennai,Tamil Nadu,2024-03-23
C0138,Bachittar Ratti,Bangalore,Karnataka,2026-07-17
C0139,Oeshi Loyal,Chennai,Tamil Nadu,2025-01-14
C0140,Gopal Keer,Mumbai,Maharashtra,2025-08-05
C0141,Waida Narula,Bangalore,Karnataka,2024-01-20
C0142,Rajata Dugal,Chennai,Tamil Nadu,2025-12-30
C0143,Yashodhara Parmar,Delhi,Delhi,2025-12-08
C0144,Madhavi Shetty,Bangalore,Karnataka,2026-08-11
C0145,Dayita Subramanian,Mumbai,Maharashtra,2024-08-03
C0146,Ishanvi Bhatti,Pune,Maharashtra,2024-09-30
C0147,Vamakshi Tella,Coimbatore,Tamil Nadu,2026-01-06
C0148,Anmol Sane,Mumbai,Maharashtra,2024-02-01
C0149,Dalbir Dar,Hyderabad,Telangana,2026-01-19
C0150,Azad Rout,Coimbatore,Tamil Nadu,2025-04-18
C0151,Bhavani Sachar,Mumbai,Maharashtra,2025-06-29
C0152,Owen Singhal,Coimbatore,Tamil Nadu,2026-03-02
C0153,Nidra Sarin,Kochi,Kerala,2024-03-05
C0154,Vasudha Gade,Mumbai,Maharashtra,2023-11-05
C0155,Zaid Ahuja,Bangalore,Karnataka,2025-12-03
C0156,Bhavna Murthy,Bangalore,Karnataka,2026-01-25
C0157,Jalsa Chakraborty,Kochi,Kerala,2024-07-18
C0158,Robert Suresh,Delhi,Delhi,2025-07-22
C0159,Jatin Wali,Kochi,Kerala,2026-02-02
C0160,Ubika Deshmukh,Kochi,Kerala,2025-03-20
C0161,Aarush Mall,Coimbatore,Tamil Nadu,2025-08-27
C0162,Ekalinga Banik,Chennai,Tamil Nadu,2026-01-12
C0163,Rayaan Mishra,Bangalore,Karnataka,2023-10-12
C0164,Netra Jha,Chennai,Tamil Nadu,2026-05-09
C0165,Indrajit Sampath,Kochi,Kerala,2025-04-22
C0166,Nakul Sama,Delhi,Delhi,2024-03-11
C0167,Qarin Bhalla,Bangalore,Karnataka,2026-08-25
C0168,Abeer Badami,Mumbai,Maharashtra,2024-02-03
C0169,Niharika Modi,Mumbai,Maharashtra,2023-11-07
C0170,Sai Bora,Mumbai,Maharashtra,2025-10-03
C0171,Qushi Mann,Coimbatore,Tamil Nadu,2025-11-22
C0172,Indrajit Jaggi,Hyderabad,Telangana,2025-02-22
C0173,Zashil Sharma,Kochi,Kerala,2024-12-15
C0174,Leena Lala,Hyderabad,Telangana,2025-09-07
C0175,Xiti Pandya,Pune,Maharashtra,2026-04-25
C0176,Michael Dube,Coimbatore,Tamil Nadu,2025-01-28
C0177,Thomas Bal,Mumbai,Maharashtra,2026-05-01
C0178,Ayush Sha,Bangalore,Karnataka,2026-07-13
C0179,Falguni Mahal,Coimbatore,Tamil Nadu,2025-05-17
C0180,Baghyawati Guha,Bangalore,Karnataka,2025-02-13
C0181,Liam Mukherjee,Chennai,Tamil Nadu,2024-08-23
C0182,Yahvi Ray,Chennai,Tamil Nadu,2025-02-02
C0183,Falak Devan,Bangalore,Karnataka,2025-07-17
C0184,Timothy Pillai,Mumbai,Maharashtra,2024-08-18
C0185,Turvi Uppal,Hyderabad,Telangana,2024-07-23
C0186,Hiral Borde,Kochi,Kerala,2024-04-06
C0187,Aarav Saxena,Coimbatore,Tamil Nadu,2025-10-14
C0188,Neha Mutti,Coimbatore,Tamil Nadu,2025-01-28
C0189,Bhavani Sura,Mumbai,Maharashtra,2024-03-17
C0190,Nidra Choudhry,Kochi,Kerala,2026-04-06
C0191,Praneel Vasa,Chennai,Tamil Nadu,2025-10-30
C0192,Oviya Dube,Hyderabad,Telangana,2025-06-29
C0193,Amara Amble,Kochi,Kerala,2025-12-05
C0194,Brinda Sant,Chennai,Tamil Nadu,2025-03-06
C0195,Aachal Karnik,Kochi,Kerala,2025-08-17
C0196,Varsha Patel,Pune,Maharashtra,2024-03-12
C0197,Vincent Nayak,Coimbatore,Tamil Nadu,2025-06-20
C0198,Vincent Kapoor,Pune,Maharashtra,2026-05-16
C0199,Hemal Mani,Kochi,Kerala,2024-07-13
C0200,Robert Rana,Coimbatore,Tamil Nadu,2025-12-09
C0201,Mahika Sama,Hyderabad,Telangana,2024-12-13
C0202,Krishna Baral,Mumbai,Maharashtra,2023-12-02
C0203,Yutika Char,Pune,Maharashtra,2025-10-05
C0204,Bhanumati Shenoy,Mumbai,Maharashtra,2026-06-23
C0205,Jagvi Hegde,Chennai,Tamil Nadu,2024-04-18
C0206,Aarnav Iyer,Chennai,Tamil Nadu,2024-10-12
C0207,Eesha Pant,Delhi,Delhi,2025-01-05
C0208,Utkarsh Chanda,Chennai,Tamil Nadu,2024-08-09
C0209,Jalsa Bansal,Chennai,Tamil Nadu,2024-02-10
C0210,Ayaan Kant,Coimbatore,Tamil Nadu,2025-08-26
C0211,Faras Deshpande,Hyderabad,Telangana,2024-09-22
C0212,Ekani Varty,Chennai,Tamil Nadu,2025-09-22
C0213,Nachiket Prabhu,Bangalore,Karnataka,2023-10-23
C0214,Ethan Jayaraman,Hyderabad,Telangana,2025-09-09
C0215,Bakhshi Atwal,Bangalore,Karnataka,2026-07-14
C0216,Wazir Barman,Bangalore,Karnataka,2026-06-03
C0217,Abdul Dhingra,Mumbai,Maharashtra,2024-02-02
C0218,Tanish Dada,Kochi,Kerala,2024-03-28
C0219,Aradhana Sundaram,Bangalore,Karnataka,2025-05-02
C0220,Chasmum Saraf,Mumbai,Maharashtra,2024-03-27
C0221,Qushi Agarwal,Chennai,Tamil Nadu,2025-07-26
C0222,Imaran Deshmukh,Bangalore,Karnataka,2025-02-19
C0223,Hardik Naidu,Kochi,Kerala,2025-10-02
C0224,Chavvi Bhatti,Delhi,Delhi,2026-04-15
C0225,Kritika Sura,Pune,Maharashtra,2025-05-03
C0226,Dipta Chaudry,Mumbai,Maharashtra,2024-11-20
C0227,Samarth Agate,Delhi,Delhi,2026-05-23
C0228,Upasna Sehgal,Mumbai,Maharashtra,2025-08-18
C0229,Ishita Chatterjee,Pune,Maharashtra,2026-03-24
C0230,Diya Prabhu,Kochi,Kerala,2025-09-25
C0231,Forum Mittal,Hyderabad,Telangana,2026-05-21
C0232,Ekantika Goyal,Pune,Maharashtra,2024-04-06
C0233,Gaurika Saini,Coimbatore,Tamil Nadu,2025-09-28
C0234,Baljiwan Gandhi,Delhi,Delhi,2026-06-03
C0235,Raghav Wali,Bangalore,Karnataka,2024-07-13
C0236,Vedant Raval,Chennai,Tamil Nadu,2024-12-25
C0237,Girik Bhatnagar,Coimbatore,Tamil Nadu,2023-12-17
C0238,Aayush Rai,Bangalore,Karnataka,2025-07-08
C0239,Shravya Verma,Bangalore,Karnataka,2026-05-21
C0240,Indira Varughese,Mumbai,Maharashtra,2026-06-05
C0241,Chaitaly Shetty,Pune,Maharashtra,2026-04-09
C0242,Mitesh Bal,Hyderabad,Telangana,2023-11-20
C0243,Qasim Bora,Delhi,Delhi,2025-01-11
C0244,Ekbal Bora,Bangalore,Karnataka,2026-04-11
C0245,Udyati Guha,Mumbai,Maharashtra,2024-02-13
C0246,Vyanjana Khosla,Delhi,Delhi,2025-09-29
C0247,Hamsini Cheema,Pune,Maharashtra,2025-03-05
C0248,Hemang Shetty,Hyderabad,Telangana,2026-07-28
C0249,Hamsini Gole,Coimbatore,Tamil Nadu,2024-01-20
C0250,Harshil Chaudhary,Pune,Maharashtra,2026-02-02
C0251,Atharv Narain,Chennai,Tamil Nadu,2026-06-12
C0252,Aarna Kulkarni,Pune,Maharashtra,2024-02-29
C0253,Anirudh Mitra,Bangalore,Karnataka,2024-07-27
C0254,Akshay Prakash,Hyderabad,Telangana,2024-10-07
C0255,Leela Palla,Pune,Maharashtra,2025-12-31
C0256,Abeer Ganesan,Bangalore,Karnataka,2024-06-19
C0257,Sara Samra,Bangalore,Karnataka,2026-01-01
C0258,Harinakshi Nori,Hyderabad,Telangana,2026-01-13
C0259,Ria Lal,Pune,Maharashtra,2025-07-03
C0260,Anjali Shetty,Pune,Maharashtra,2024-04-23
C0261,Hardik Sinha,Mumbai,Maharashtra,2025-07-01
C0262,Kamala Goda,Delhi,Delhi,2025-10-03
C0263,Sathvik Devi,Mumbai,Maharashtra,2025-11-09
C0264,Odika Muni,Pune,Maharashtra,2025-01-30
C0265,George Swamy,Coimbatore,Tamil Nadu,2026-04-24
C0266,Sathvik Thaman,Pune,Maharashtra,2025-02-21
C0267,Rohan Walia,Chennai,Tamil Nadu,2023-11-19
C0268,Chaaya Pandit,Bangalore,Karnataka,2024-11-07
C0269,Kabir Kurian,Kochi,Kerala,2025-12-29
C0270,Upadhriti Sura,Pune,Maharashtra,2026-01-01
C0271,Manbir Khatri,Chennai,Tamil Nadu,2026-01-19
C0272,Leela Krishnan,Chennai,Tamil Nadu,2025-06-23
C0273,Vinaya Jayaraman,Delhi,Delhi,2023-11-03
C0274,Ranbir Arora,Hyderabad,Telangana,2024-05-14
C0275,Xavier Dube,Pune,Maharashtra,2026-03-01
C0276,Indira Chokshi,Hyderabad,Telangana,2026-07-30
C0277,Sathvik Sem,Coimbatore,Tamil Nadu,2024-05-29
C0278,Jyoti Vora,Kochi,Kerala,2024-08-10
C0279,Amruta Sharaf,Chennai,Tamil Nadu,2024-10-06
C0280,Manbir Basak,Bangalore,Karnataka,2023-10-10
C0281,Yashoda Doshi,Bangalore,Karnataka,2023-11-18
C0282,Sarthak Lad,Hyderabad,Telangana,2026-03-09
C0283,Pushti Dhar,Chennai,Tamil Nadu,2024-03-15
C0284,Vivaan Jayaraman,Delhi,Delhi,2026-01-31
C0285,Hema Memon,Hyderabad,Telangana,2024-05-06
C0286,Charles Magar,Kochi,Kerala,2025-06-01
C0287,Samesh Agarwal,Hyderabad,Telangana,2024-08-03
C0288,Hemangini Prabhu,Chennai,Tamil Nadu,2024-08-27
C0289,Kashish Buch,Pune,Maharashtra,2024-12-21
C0290,Shivansh Randhawa,Delhi,Delhi,2025-04-11
C0291,Balvan Narula,Chennai,Tamil Nadu,2025-04-06
C0292,Triveni Agarwal,Delhi,Delhi,2024-03-02
C0293,Tanay Kota,Mumbai,Maharashtra,2025-12-16
C0294,Fariq Khanna,Mumbai,Maharashtra,2026-02-05
C0295,Darpan Sarma,Bangalore,Karnataka,2026-04-08
C0296,Laban Som,Delhi,Delhi,2025-12-16
C0297,Yashodhara Dyal,Kochi,Kerala,2026-03-14
C0298,Yatin Rama,Hyderabad,Telangana,2025-11-17
C0299,Onveer Parikh,Mumbai,Maharashtra,2024-10-06
C0300,Yatan Chaudhuri,Hyderabad,Telangana,2024-12-20
C0301,Nachiket Gara,Hyderabad,Telangana,2023-10-31
C0302,Indira Ahluwalia,Kochi,Kerala,2024-02-20
C0303,Ira Mall,Chennai,Tamil Nadu,2024-08-29
C0304,Rachana Prasad,Hyderabad,Telangana,2024-03-23
C0305,Vasana Pal,Delhi,Delhi,2024-02-15
C0306,Jhalak Sule,Kochi,Kerala,2023-11-18
C0307,Caleb Mitter,Mumbai,Maharashtra,2023-11-13
C0308,Girik Pathak,Pune,Maharashtra,2026-01-06
C0309,Lajita Murty,Hyderabad,Telangana,2024-03-03
C0310,Bhavya Datta,Bangalore,Karnataka,2026-01-20
C0311,Naksh Choudhry,Kochi,Kerala,2025-03-24
C0312,Avi Loke,Chennai,Tamil Nadu,2023-10-27
C0313,Adweta Gara,Coimbatore,Tamil Nadu,2024-12-25
C0314,Yashvi Sodhi,Mumbai,Maharashtra,2025-01-19
C0315,Abhimanyu Bahl,Mumbai,Maharashtra,2025-11-09
C0316,Wridesh Savant,Coimbatore,Tamil Nadu,2025-08-26
C0317,Aarnav Deol,Delhi,Delhi,2026-06-01
C0318,Vihaan Goel,Pune,Maharashtra,2025-01-20
C0319,Inaya Bhattacharyya,Mumbai,Maharashtra,2024-11-30
C0320,Caleb Kohli,Mumbai,Maharashtra,2025-01-12
C0321,Vincent Bhavsar,Chennai,Tamil Nadu,2024-10-21
C0322,Jalsa Tank,Mumbai,Maharashtra,2026-01-05
C0323,Naksh Gera,Kochi,Kerala,2026-07-05
C0324,Aarini Kamdar,Delhi,Delhi,2023-12-13
C0325,Lekha Sekhon,Pune,Maharashtra,2026-06-20
C0326,Harita Puri,Bangalore,Karnataka,2024-09-15
C0327,Jonathan Sahni,Pune,Maharashtra,2025-03-09
C0328,Ayushman Bakshi,Delhi,Delhi,2024-10-08
C0329,Aarav Shere,Kochi,Kerala,2025-02-02
C0330,Ati Rajagopalan,Delhi,Delhi,2024-04-07
C0331,Dominic Singhal,Chennai,Tamil Nadu,2024-02-08
C0332,Ucchal Pandit,Bangalore,Karnataka,2024-03-25
C0333,Samaksh Bhatt,Pune,Maharashtra,2025-04-01
C0334,Harita Sharma,Hyderabad,Telangana,2025-04-12
C0335,George Chadha,Pune,Maharashtra,2023-12-31
C0336,Hardik Ravi,Chennai,Tamil Nadu,2025-01-16
C0337,Nidra Pai,Bangalore,Karnataka,2025-09-27
C0338,Tejas Dhillon,Kochi,Kerala,2024-12-10
C0339,Ryan Gopal,Delhi,Delhi,2025-04-12
C0340,Chaman Khalsa,Delhi,Delhi,2026-08-31
C0341,Frederick Ramachandran,Kochi,Kerala,2025-09-01
C0342,Sarthak Pingle,Bangalore,Karnataka,2023-10-24
C0343,Robert Balay,Kochi,Kerala,2026-02-21
C0344,Rachana Sant,Mumbai,Maharashtra,2026-03-04
C0345,Varenya Apte,Pune,Maharashtra,2026-06-07
C0346,Diya Sha,Chennai,Tamil Nadu,2024-05-27
C0347,Simon Garg,Kochi,Kerala,2025-11-04
C0348,Chandresh Natt,Chennai,Tamil Nadu,2024-09-14
C0349,Dakshesh Ghose,Mumbai,Maharashtra,2025-09-10
C0350,Ayaan Bose,Delhi,Delhi,2024-08-05
C0351,Fiyaz Om,Kochi,Kerala,2025-05-26
C0352,Mugdha Saraf,Bangalore,Karnataka,2025-02-26
C0353,Hiral Saini,Delhi,Delhi,2023-11-24
C0354,Vidhi Chahal,Delhi,Delhi,2025-03-20
C0355,Osha Contractor,Bangalore,Karnataka,2025-04-09
C0356,Chasmum Wali,Pune,Maharashtra,2024-03-29
C0357,Nathaniel Viswanathan,Pune,Maharashtra,2025-06-09
C0358,Anusha Grewal,Kochi,Kerala,2025-01-26
C0359,Geetika Kant,Delhi,Delhi,2023-10-07
C0360,Bhanumati Mody,Kochi,Kerala,2023-10-04
C0361,Mugdha Chatterjee,Pune,Maharashtra,2026-06-07
C0362,Vritti Iyer,Hyderabad,Telangana,2024-04-24
C0363,Siya Saini,Mumbai,Maharashtra,2024-08-27
C0364,Jack Kanda,Kochi,Kerala,2025-08-16
C0365,Jagvi Goel,Kochi,Kerala,2024-09-17
C0366,Osha Borah,Hyderabad,Telangana,2024-08-01
C0367,Harrison Gera,Pune,Maharashtra,2025-09-15
C0368,Ayushman Choudhary,Kochi,Kerala,2024-10-29
C0369,Falak Balakrishnan,Chennai,Tamil Nadu,2024-09-30
C0370,Lekha Dalal,Pune,Maharashtra,2026-03-05
C0371,Abha Mittal,Pune,Maharashtra,2025-03-12
C0372,Nandini Modi,Mumbai,Maharashtra,2025-05-13
C0373,Henry Bhandari,Kochi,Kerala,2025-03-04
C0374,Andrew Ganguly,Delhi,Delhi,2024-08-17
C0375,Jai Sarkar,Coimbatore,Tamil Nadu,2024-12-15
C0376,Arjun Bir,Coimbatore,Tamil Nadu,2024-11-17
C0377,Jalsa Dhaliwal,Coimbatore,Tamil Nadu,2026-03-27
C0378,Benjamin Kala,Mumbai,Maharashtra,2026-03-10
C0379,Aarna Sant,Coimbatore,Tamil Nadu,2025-06-18
C0380,Yamini Mohan,Hyderabad,Telangana,2025-03-14
C0381,Jatin Vala,Bangalore,Karnataka,2024-04-13
C0382,Meera Kapadia,Pune,Maharashtra,2026-08-02
C0383,Brinda More,Delhi,Delhi,2025-03-23
C0384,Saumya Pant,Bangalore,Karnataka,2025-09-25
C0385,Oliver Manda,Mumbai,Maharashtra,2025-09-13
C0386,Gaurang Kakar,Pune,Maharashtra,2025-01-21
C0387,Watika Menon,Mumbai,Maharashtra,2025-12-08
C0388,Jalsa Kadakia,Mumbai,Maharashtra,2024-03-23
C0389,Aarini Dash,Hyderabad,Telangana,2025-11-22
C0390,Neelima Koshy,Chennai,Tamil Nadu,2025-08-25
C0391,Vansha Raja,Chennai,Tamil Nadu,2023-11-14
C0392,Fariq Panchal,Mumbai,Maharashtra,2024-08-15
C0393,Ekaja Nadig,Coimbatore,Tamil Nadu,2025-07-20
C0394,Victor Bala,Bangalore,Karnataka,2026-07-24
C0395,Odika Soman,Coimbatore,Tamil Nadu,2025-10-16
C0396,Sarthak Sodhi,Kochi,Kerala,2026-05-06
C0397,Jhalak Balan,Mumbai,Maharashtra,2023-11-25
C0398,Zashil Sankar,Kochi,Kerala,2025-05-03
C0399,Chasmum Chandra,Coimbatore,Tamil Nadu,2026-04-25
C0400,Onkar Rajagopal,Kochi,Kerala,2025-02-13
C0401,Arunima Brahmbhatt,Mumbai,Maharashtra,2025-03-03
C0402,Warjas Bhasin,Hyderabad,Telangana,2025-04-18
C0403,Vasana Dara,Chennai,Tamil Nadu,2023-11-02
C0404,Nidra Shah,Bangalore,Karnataka,2025-03-21
C0405,Saksham Contractor,Kochi,Kerala,2025-08-02
C0406,Ishani Ratta,Mumbai,Maharashtra,2024-01-05
C0407,Yashawini Sethi,Hyderabad,Telangana,2026-02-06
C0408,Bakhshi Kalla,Coimbatore,Tamil Nadu,2023-12-29
C0409,Adya Dave,Chennai,Tamil Nadu,2024-02-18
C0410,Laban Dhaliwal,Mumbai,Maharashtra,2026-07-22
C0411,Fitan Sundaram,Bangalore,Karnataka,2025-02-11
C0412,Aarna Handa,Coimbatore,Tamil Nadu,2025-12-06
C0413,Edhitha Hora,Hyderabad,Telangana,2025-05-05
C0414,Nachiket Suri,Coimbatore,Tamil Nadu,2025-02-03
C0415,Urishilla Sundaram,Delhi,Delhi,2024-10-29
C0416,Rachit Thaman,Coimbatore,Tamil Nadu,2024-11-15
C0417,Teerth Parikh,Kochi,Kerala,2026-03-14
C0418,Urvashi Reddy,Coimbatore,Tamil Nadu,2024-06-22
C0419,Bachittar Patla,Hyderabad,Telangana,2026-07-26
C0420,David Bhalla,Coimbatore,Tamil Nadu,2026-01-10
C0421,Manthan Salvi,Coimbatore,Tamil Nadu,2025-09-14
C0422,Dominic Kulkarni,Pune,Maharashtra,2024-09-29
C0423,Sanya Mutti,Mumbai,Maharashtra,2026-06-24
C0424,Abha Hans,Pune,Maharashtra,2026-01-19
C0425,Mahika Patil,Coimbatore,Tamil Nadu,2025-11-03
C0426,Saanvi Sehgal,Mumbai,Maharashtra,2023-11-28
C0427,Maanas Loyal,Pune,Maharashtra,2026-03-15
C0428,Ansh Sinha,Coimbatore,Tamil Nadu,2024-05-05
C0429,Yauvani Sandal,Bangalore,Karnataka,2024-11-28
C0430,Meghana Patel,Pune,Maharashtra,2026-03-08
C0431,Shivani Tandon,Mumbai,Maharashtra,2023-11-15
C0432,Devika Kanda,Pune,Maharashtra,2025-09-10
C0433,Dev Mishra,Delhi,Delhi,2024-02-09
C0434,Zinal Nayar,Delhi,Delhi,2023-10-17
C0435,Gavin Walla,Bangalore,Karnataka,2026-06-03
C0436,Aarush Wason,Hyderabad,Telangana,2025-09-23
C0437,Abha Chana,Hyderabad,Telangana,2025-08-30
C0438,Ekta Bose,Mumbai,Maharashtra,2024-01-29
C0439,Abhiram Vig,Kochi,Kerala,2024-02-28
C0440,Tarak Agate,Hyderabad,Telangana,2025-10-05
C0441,Alka Iyengar,Mumbai,Maharashtra,2025-08-15
C0442,Samuel Samra,Bangalore,Karnataka,2026-01-19
C0443,Robert Dani,Kochi,Kerala,2025-09-26
C0444,Xavier Jayaraman,Kochi,Kerala,2024-04-30
C0445,Upadhriti Hegde,Delhi,Delhi,2026-04-25
C0446,Siya Madan,Coimbatore,Tamil Nadu,2024-02-16
C0447,Odika Boase,Kochi,Kerala,2026-07-16
C0448,Ekapad Uppal,Chennai,Tamil Nadu,2026-07-31
C0449,Aahana Bains,Mumbai,Maharashtra,2024-12-21
C0450,Vaishnavi Dhar,Kochi,Kerala,2025-11-03
C0451,Sai Pandya,Kochi,Kerala,2026-04-27
C0452,Guneet Bhatnagar,Chennai,Tamil Nadu,2024-08-29
C0453,Yauvani Borah,Kochi,Kerala,2025-12-21
C0454,Jairaj Verma,Coimbatore,Tamil Nadu,2026-04-19
C0455,Anita Narain,Chennai,Tamil Nadu,2025-01-29
C0456,Nachiket Chadha,Delhi,Delhi,2025-06-02
C0457,Pushti Dass,Pune,Maharashtra,2025-05-23
C0458,Tara Krishnan,Kochi,Kerala,2026-05-31
C0459,Tara Varughese,Kochi,Kerala,2025-02-03
C0460,Vasatika Devi,Mumbai,Maharashtra,2024-10-15
C0461,Leena Das,Coimbatore,Tamil Nadu,2025-12-25
C0462,Manthan Dass,Mumbai,Maharashtra,2025-03-02
C0463,Oscar Sur,Pune,Maharashtra,2024-01-19
C0464,Warda Kale,Kochi,Kerala,2024-12-13
C0465,Kamala Kulkarni,Coimbatore,Tamil Nadu,2024-08-22
C0466,Nandini Kumar,Chennai,Tamil Nadu,2024-11-25
C0467,Dakshesh Goyal,Kochi,Kerala,2026-07-26
C0468,Tarak Mitter,Delhi,Delhi,2024-07-13
C0469,Pushti Krishnan,Kochi,Kerala,2026-04-20
C0470,Anmol Keer,Hyderabad,Telangana,2023-10-06
C0471,Ranveer Baria,Coimbatore,Tamil Nadu,2024-02-24
C0472,Gabriel Sampath,Hyderabad,Telangana,2023-12-29
C0473,Rajata Sabharwal,Chennai,Tamil Nadu,2025-10-07
C0474,Veer Bobal,Kochi,Kerala,2026-01-13
C0475,Mekhala Mohan,Chennai,Tamil Nadu,2026-02-14
C0476,Chaaya Tak,Bangalore,Karnataka,2023-12-28
C0477,Yashodhara Bath,Kochi,Kerala,2024-12-10
C0478,Falguni Saraf,Hyderabad,Telangana,2026-07-03
C0479,Kabir Kota,Coimbatore,Tamil Nadu,2024-06-10
C0480,Teerth Mangal,Hyderabad,Telangana,2024-08-25
C0481,Jeevika Balan,Chennai,Tamil Nadu,2025-09-22
C0482,Warhi Ramesh,Pune,Maharashtra,2024-11-25
C0483,Qushi Krishna,Kochi,Kerala,2026-06-15
C0484,Caleb Rastogi,Delhi,Delhi,2025-09-16
C0485,Nachiket Buch,Mumbai,Maharashtra,2024-01-13
C0486,Zaid Narula,Coimbatore,Tamil Nadu,2025-05-17
C0487,Lila Toor,Delhi,Delhi,2025-04-01
C0488,Chandani Rama,Delhi,Delhi,2024-09-12
C0489,Victor Manne,Kochi,Kerala,2024-06-17
C0490,Onkar Sankar,Pune,Maharashtra,2024-02-07
C0491,Vedika Doctor,Kochi,Kerala,2024-09-23
C0492,Rohan Nayak,Pune,Maharashtra,2024-08-14
C0493,Ganga Divan,Bangalore,Karnataka,2024-05-15
C0494,Frederick Vig,Coimbatore,Tamil Nadu,2025-05-09
C0495,Nicholas Bora,Chennai,Tamil Nadu,2026-06-22
C0496,Netra Bava,Chennai,Tamil Nadu,2025-07-07
C0497,Jack Chaudhary,Delhi,Delhi,2025-05-02
C0498,Kritika Banerjee,Mumbai,Maharashtra,2024-09-18
C0499,Hitesh Comar,Bangalore,Karnataka,2025-02-20
C0500,Pranav Pall,Chennai,Tamil Nadu,2023-11-27
C0501,Yagnesh Sachdeva,Chennai,Tamil Nadu,2026-04-24
C0502,Yuvraj Saha,Mumbai,Maharashtra,2024-06-14
C0503,Anjali Mangal,Mumbai,Maharashtra,2024-11-18
C0504,Falan Parsa,Chennai,Tamil Nadu,2026-07-14
C0505,Lucky Shah,Hyderabad,Telangana,2025-01-27
C0506,Shivani Brar,Mumbai,Maharashtra,2025-04-10
C0507,Azad Wason,Hyderabad,Telangana,2024-09-17
C0508,Kalpit Sunder,Coimbatore,Tamil Nadu,2025-02-06
C0509,Ganga Minhas,Bangalore,Karnataka,2024-06-22
C0510,Rushil Khalsa,Mumbai,Maharashtra,2024-09-17
C0511,Manbir Choudhury,Coimbatore,Tamil Nadu,2025-05-20
C0512,Indali Lad,Pune,Maharashtra,2025-08-25
C0513,Shivani Bains,Delhi,Delhi,2024-11-27
C0514,Hardik Tailor,Hyderabad,Telangana,2026-02-15
C0515,Chandran Kamdar,Bangalore,Karnataka,2024-06-08
C0516,Maanav Shroff,Hyderabad,Telangana,2025-06-15
C0517,Samar Manne,Pune,Maharashtra,2026-08-09
C0518,Idika Singh,Bangalore,Karnataka,2025-12-10
C0519,Dakshesh Khanna,Chennai,Tamil Nadu,2026-06-02
C0520,Yashica Bhatti,Pune,Maharashtra,2026-04-25
C0521,Nitesh Puri,Kochi,Kerala,2025-02-26
C0522,Urvashi Mukherjee,Kochi,Kerala,2025-07-06
C0523,Gunbir Sehgal,Mumbai,Maharashtra,2026-03-01
C0524,Ijaya Banik,Bangalore,Karnataka,2026-01-23
C0525,Yug Chanda,Mumbai,Maharashtra,2026-08-09
C0526,Osha Bahri,Bangalore,Karnataka,2024-05-12
C0527,Manthan Pillay,Pune,Maharashtra,2025-04-21
C0528,Zehaan Patla,Bangalore,Karnataka,2024-12-06
C0529,Damyanti Mital,Chennai,Tamil Nadu,2023-12-23
C0530,Urmi Patla,Delhi,Delhi,2024-12-21
C0531,Brinda Sachar,Kochi,Kerala,2024-11-19
C0532,Tanish Sachar,Delhi,Delhi,2025-01-31
C0533,Hemal Char,Bangalore,Karnataka,2024-06-25
C0534,Devika Patil,Delhi,Delhi,2025-08-23
C0535,Niharika Mangal,Chennai,Tamil Nadu,2026-03-22
C0536,Dayita Sanghvi,Kochi,Kerala,2023-10-04
C0537,Anmol Saini,Coimbatore,Tamil Nadu,2024-01-16
C0538,Ati Rajagopal,Bangalore,Karnataka,2025-02-21
C0539,Tanish Bassi,Kochi,Kerala,2024-09-17
C0540,Jeevika Minhas,Delhi,Delhi,2024-12-09
C0541,Azad Chanda,Coimbatore,Tamil Nadu,2025-11-10
C0542,Nathaniel Dugar,Hyderabad,Telangana,2024-09-19
C0543,Zayan Saini,Kochi,Kerala,2025-01-23
C0544,Gaurika Dasgupta,Hyderabad,Telangana,2025-05-19
C0545,Naksh Sarkar,Pune,Maharashtra,2025-05-01
C0546,Ekanta Walla,Coimbatore,Tamil Nadu,2024-08-01
C0547,Aishani Prakash,Coimbatore,Tamil Nadu,2024-08-09
C0548,Faqid Kuruvilla,Kochi,Kerala,2026-01-17
C0549,Yagnesh Nair,Pune,Maharashtra,2024-09-10
C0550,Onkar Bajwa,Delhi,Delhi,2026-02-05
C0551,Eshana Thaman,Mumbai,Maharashtra,2026-06-09
C0552,Theodore Morar,Bangalore,Karnataka,2023-11-27
C0553,Mugdha Som,Pune,Maharashtra,2023-11-06
C0554,Meghana Misra,Coimbatore,Tamil Nadu,2024-05-20
C0555,Rushil Char,Mumbai,Maharashtra,2024-04-28
C0556,Siddharth More,Coimbatore,Tamil Nadu,2025-07-14
C0557,Anamika Babu,Kochi,Kerala,2025-05-31
C0558,Unni Lalla,Delhi,Delhi,2024-12-13
C0559,Amrita Merchant,Chennai,Tamil Nadu,2024-10-10
C0560,Jasmit Naidu,Coimbatore,Tamil Nadu,2025-05-16
C0561,Arunima Shere,Delhi,Delhi,2024-03-16
C0562,Chandani Chahal,Hyderabad,Telangana,2024-03-14
C0563,Gayathri Dhawan,Coimbatore,Tamil Nadu,2024-01-22
C0564,Ekiya Bhakta,Mumbai,Maharashtra,2023-11-25
C0565,Vasana Biswas,Delhi,Delhi,2024-03-15
C0566,Ekantika Talwar,Pune,Maharashtra,2023-11-09
C0567,Samesh Ramakrishnan,Delhi,Delhi,2024-03-20
C0568,Triveni Dhawan,Pune,Maharashtra,2023-12-12
C0569,Upkaar Saini,Pune,Maharashtra,2026-05-21
C0570,Thomas Nagarajan,Chennai,Tamil Nadu,2026-07-29
C0571,Lakshmi Ram,Mumbai,Maharashtra,2025-09-08
C0572,Patrick Soni,Bangalore,Karnataka,2023-11-06
C0573,Harsh Behl,Mumbai,Maharashtra,2024-06-20
C0574,Isaiah Karpe,Kochi,Kerala,2026-06-26
C0575,Qabil Dhaliwal,Coimbatore,Tamil Nadu,2026-07-05
C0576,Chatura Bumb,Mumbai,Maharashtra,2026-07-14
C0577,Tanay Mani,Coimbatore,Tamil Nadu,2023-10-12
C0578,Chaaya Thaker,Coimbatore,Tamil Nadu,2025-03-22
C0579,Bimala Prashad,Coimbatore,Tamil Nadu,2025-03-05
C0580,Liam Ahuja,Chennai,Tamil Nadu,2024-01-13
C0581,Ekansh D’Alia,Bangalore,Karnataka,2024-01-20
C0582,Robert Chawla,Pune,Maharashtra,2024-11-27
C0583,Yashawini Chowdhury,Mumbai,Maharashtra,2025-11-11
C0584,Chasmum Tank,Kochi,Kerala,2026-02-22
C0585,Chanchal Bumb,Mumbai,Maharashtra,2026-03-06
C0586,Manbir Nori,Pune,Maharashtra,2025-09-07
C0587,Daksha Dey,Delhi,Delhi,2026-03-02
C0588,Udarsh Vora,Coimbatore,Tamil Nadu,2025-10-26
C0589,Ekaraj Mann,Delhi,Delhi,2024-05-17
C0590,Diya Bhasin,Kochi,Kerala,2026-08-05
C0591,Avni Menon,Delhi,Delhi,2026-04-11
C0592,Janani Kapadia,Delhi,Delhi,2025-10-24
C0593,Libni Sami,Coimbatore,Tamil Nadu,2025-02-09
C0594,Nilima Panchal,Pune,Maharashtra,2026-05-23
C0595,Quincy Bhatia,Pune,Maharashtra,2026-03-23
C0596,Mitali Sridhar,Pune,Maharashtra,2024-06-19
C0597,Aditya Batta,Mumbai,Maharashtra,2026-01-25
C0598,Anirudh Sandal,Bangalore,Karnataka,2024-03-21
C0599,Zehaan Mukhopadhyay,Mumbai,Maharashtra,2024-12-30
C0600,Tanvi Dhillon,Delhi,Delhi,2024-05-26
C0601,Panini Raval,Bangalore,Karnataka,2025-06-15
C0602,Neel Deshpande,Hyderabad,Telangana,2026-05-23
C0603,Saksham Tak,Mumbai,Maharashtra,2024-06-14
C0604,Oni Chana,Mumbai,Maharashtra,2024-03-06
C0605,Tanvi Tak,Coimbatore,Tamil Nadu,2024-08-22
C0606,Oeshi Chandra,Pune,Maharashtra,2023-12-13
C0607,Baljiwan Puri,Pune,Maharashtra,2024-12-22
C0608,Lajita Patel,Bangalore,Karnataka,2026-04-13
C0609,Hitesh Chakraborty,Mumbai,Maharashtra,2026-01-15
C0610,Balhaar Gandhi,Pune,Maharashtra,2026-05-09
C0611,Faris Taneja,Mumbai,Maharashtra,2025-11-08
C0612,Lavanya Rege,Delhi,Delhi,2023-11-30
C0613,Dhriti Banerjee,Hyderabad,Telangana,2026-06-08
C0614,Kalpit Gandhi,Pune,Maharashtra,2025-01-17
C0615,Azad Sur,Chennai,Tamil Nadu,2025-03-12
C0616,Gautam Khosla,Hyderabad,Telangana,2024-11-24
C0617,Manbir Majumdar,Pune,Maharashtra,2025-06-21
C0618,Aarush Loke,Chennai,Tamil Nadu,2025-07-02
C0619,Lohit Ramaswamy,Chennai,Tamil Nadu,2025-09-15
C0620,Aarini Garg,Pune,Maharashtra,2025-11-06
C0621,Kalpit Badal,Hyderabad,Telangana,2023-11-27
C0622,Nandini Saraf,Coimbatore,Tamil Nadu,2024-07-31
C0623,Vedant Pingle,Bangalore,Karnataka,2024-11-24
C0624,Hemani Dara,Chennai,Tamil Nadu,2025-03-07
C0625,Hemang Mittal,Pune,Maharashtra,2025-11-03
C0626,Yagnesh Chakrabarti,Coimbatore,Tamil Nadu,2026-02-16
C0627,Lila Natt,Coimbatore,Tamil Nadu,2024-09-09
C0628,Ucchal Rajagopal,Coimbatore,Tamil Nadu,2026-01-16
C0629,Samar Raja,Delhi,Delhi,2026-04-06
C0630,Kalpit Sachdev,Hyderabad,Telangana,2025-06-05
C0631,Kai Bali,Chennai,Tamil Nadu,2024-08-16
C0632,Bhavini Saran,Pune,Maharashtra,2023-11-28
C0633,Udyati Raj,Coimbatore,Tamil Nadu,2025-08-02
C0634,Oviya Kade,Bangalore,Karnataka,2023-12-03
C0635,Samesh Sinha,Bangalore,Karnataka,2024-08-26
C0636,Kamala Lad,Kochi,Kerala,2024-09-27
C0637,Amara Kaul,Coimbatore,Tamil Nadu,2026-04-28
C0638,Edhitha Sama,Bangalore,Karnataka,2024-07-17
C0639,Aashi Roy,Chennai,Tamil Nadu,2025-01-30
C0640,Zansi Peri,Hyderabad,Telangana,2024-12-26
C0641,Aachal Ratti,Hyderabad,Telangana,2024-07-03
C0642,Ekiya Ray,Pune,Maharashtra,2025-04-30
C0643,Chameli Taneja,Bangalore,Karnataka,2024-01-20
C0644,Yashvi Deol,Mumbai,Maharashtra,2025-01-03
C0645,Rudra Chadha,Bangalore,Karnataka,2026-06-12
C0646,Bachittar Wali,Kochi,Kerala,2024-04-04
C0647,Charita Sama,Mumbai,Maharashtra,2026-08-06
C0648,Praneel Mital,Kochi,Kerala,2023-12-20
C0649,Yauvani Krish,Coimbatore,Tamil Nadu,2024-02-06
C0650,Bhavika Chokshi,Coimbatore,Tamil Nadu,2026-08-10
C0651,Dominic Sur,Pune,Maharashtra,2025-09-21
C0652,Owen Iyengar,Kochi,Kerala,2025-02-23
C0653,Meera Kunda,Pune,Maharashtra,2026-07-19
C0654,Isha Koshy,Chennai,Tamil Nadu,2025-10-16
C0655,Chaitanya Jayaraman,Bangalore,Karnataka,2025-08-01
C0656,Krishna Karnik,Mumbai,Maharashtra,2024-06-16
C0657,Sachi Roy,Mumbai,Maharashtra,2026-07-07
C0658,Sachi Saini,Pune,Maharashtra,2024-06-27
C0659,Faraj Chaudhuri,Bangalore,Karnataka,2024-01-14
C0660,Yasti Gill,Hyderabad,Telangana,2026-01-15
C0661,Meghana Brahmbhatt,Mumbai,Maharashtra,2026-01-21
C0662,Sathvik Keer,Hyderabad,Telangana,2024-11-27
C0663,Manan Talwar,Bangalore,Karnataka,2024-03-23
C0664,Joshua Shroff,Hyderabad,Telangana,2026-01-18
C0665,Vyanjana Deol,Chennai,Tamil Nadu,2026-08-27
C0666,Falguni Bansal,Kochi,Kerala,2026-07-21
C0667,Ekanta Balasubramanian,Coimbatore,Tamil Nadu,2025-07-02
C0668,Veer Jayaraman,Coimbatore,Tamil Nadu,2025-05-21
C0669,Pushti Sachdeva,Pune,Maharashtra,2026-08-01
C0670,Imaran Raman,Chennai,Tamil Nadu,2025-08-22
C0671,Reva Gulati,Mumbai,Maharashtra,2023-10-17
C0672,Triya Gandhi,Pune,Maharashtra,2024-05-25
C0673,Gayathri Keer,Pune,Maharashtra,2025-06-27
C0674,Adweta Narasimhan,Coimbatore,Tamil Nadu,2024-01-03
C0675,Raksha Grover,Bangalore,Karnataka,2025-11-20
C0676,Vedant Gara,Mumbai,Maharashtra,2024-07-18
C0677,Ronith Barad,Pune,Maharashtra,2024-09-20
C0678,Indali Prabhakar,Mumbai,Maharashtra,2023-10-08
C0679,Unnati Gala,Kochi,Kerala,2025-10-23
C0680,Nachiket Kata,Bangalore,Karnataka,2026-01-15
C0681,Ranveer Kumar,Mumbai,Maharashtra,2024-11-17
C0682,Aryan Dara,Hyderabad,Telangana,2025-02-17
C0683,Ekaja Sankar,Pune,Maharashtra,2025-11-17
C0684,Neel Purohit,Hyderabad,Telangana,2023-12-30
C0685,Anvi Raj,Bangalore,Karnataka,2024-05-10
C0686,Sai Sama,Chennai,Tamil Nadu,2025-09-30
C0687,Alka Morar,Hyderabad,Telangana,2025-02-18
C0688,Rachana Buch,Pune,Maharashtra,2026-06-22
C0689,Samesh Mital,Pune,Maharashtra,2024-09-22
C0690,Yug Prasad,Coimbatore,Tamil Nadu,2024-10-26
C0691,Anusha Varughese,Bangalore,Karnataka,2026-02-27
C0692,Lekha Batta,Coimbatore,Tamil Nadu,2024-03-28
C0693,Jagat Chandra,Pune,Maharashtra,2024-11-15
C0694,Aarini Kar,Kochi,Kerala,2026-02-10
C0695,Hitesh Sarraf,Pune,Maharashtra,2024-07-16
C0696,David Shankar,Coimbatore,Tamil Nadu,2026-05-29
C0697,Charita Randhawa,Coimbatore,Tamil Nadu,2025-09-04
C0698,Fariq Bera,Bangalore,Karnataka,2026-08-11
C0699,Gopal Pillay,Chennai,Tamil Nadu,2026-05-04
C0700,Bhanumati Wali,Kochi,Kerala,2026-01-23
C0701,Inaya Karpe,Delhi,Delhi,2023-12-09
C0702,Krishna Kulkarni,Pune,Maharashtra,2025-11-15
C0703,Siddharth Balay,Chennai,Tamil Nadu,2026-03-29
C0704,Azad Pandya,Bangalore,Karnataka,2025-07-29
C0705,Chameli Manda,Mumbai,Maharashtra,2026-07-16
C0706,Rachit Barad,Chennai,Tamil Nadu,2026-02-09
C0707,Avni Lanka,Pune,Maharashtra,2025-10-03
C0708,Balhaar Dhar,Chennai,Tamil Nadu,2024-08-22
C0709,Oviya Vasa,Hyderabad,Telangana,2025-06-01
C0710,Gaurika Gandhi,Coimbatore,Tamil Nadu,2025-09-26
C0711,Mitesh Kota,Coimbatore,Tamil Nadu,2023-11-23
C0712,Rishi Dar,Pune,Maharashtra,2024-03-06
C0713,Nidhi Hegde,Hyderabad,Telangana,2024-02-25
C0714,Barkha Ghose,Kochi,Kerala,2025-02-07
C0715,Odika Bawa,Coimbatore,Tamil Nadu,2025-07-28
C0716,Charvi Sarkar,Bangalore,Karnataka,2023-12-31
C0717,Tara Balan,Coimbatore,Tamil Nadu,2023-11-23
C0718,Libni Pathak,Delhi,Delhi,2025-10-24
C0719,Fitan Malhotra,Kochi,Kerala,2024-01-10
C0720,Vasatika Bhatnagar,Delhi,Delhi,2024-06-13
C0721,Kala Seth,Delhi,Delhi,2024-01-17
C0722,Tanmayi Hari,Bangalore,Karnataka,2024-11-14
C0723,Tanveer Bhakta,Hyderabad,Telangana,2025-10-02
C0724,Darsh Kalla,Delhi,Delhi,2025-07-03
C0725,Aarini Varughese,Kochi,Kerala,2026-03-15
C0726,Dakshesh Sur,Coimbatore,Tamil Nadu,2026-05-02
C0727,Devansh Shan,Pune,Maharashtra,2024-06-08
C0728,Osha Dyal,Kochi,Kerala,2024-02-25
C0729,Qabil Rajagopal,Chennai,Tamil Nadu,2024-10-10
C0730,Radha Gupta,Coimbatore,Tamil Nadu,2025-03-25
C0731,Joshua Dora,Bangalore,Karnataka,2024-07-23
C0732,Yashawini Mammen,Delhi,Delhi,2024-06-21
C0733,Vamakshi Johal,Pune,Maharashtra,2025-08-02
C0734,Atharv Bhattacharyya,Delhi,Delhi,2025-05-20
C0735,Agastya Raju,Bangalore,Karnataka,2025-01-13
C0736,Bakhshi Nadig,Kochi,Kerala,2025-01-29
C0737,Aarna Dora,Chennai,Tamil Nadu,2024-04-20
C0738,Hredhaan Raju,Coimbatore,Tamil Nadu,2026-06-18
C0739,Lopa Bhavsar,Kochi,Kerala,2024-04-28
C0740,Jonathan Dara,Chennai,Tamil Nadu,2024-07-04
C0741,Wazir Tak,Mumbai,Maharashtra,2023-12-10
C0742,Laban Chanda,Delhi,Delhi,2024-11-06
C0743,Udyati Bava,Coimbatore,Tamil Nadu,2025-02-06
C0744,Shivani Dara,Coimbatore,Tamil Nadu,2025-03-01
C0745,Tristan Bhatt,Chennai,Tamil Nadu,2025-01-04
C0746,Frederick Patel,Mumbai,Maharashtra,2024-11-28
C0747,Omkaar Talwar,Pune,Maharashtra,2025-02-14
C0748,Charita Sarin,Hyderabad,Telangana,2025-06-29
C0749,Peter Gill,Pune,Maharashtra,2025-03-02
C0750,Veda Tandon,Coimbatore,Tamil Nadu,2025-03-27
C0751,Adweta Butala,Coimbatore,Tamil Nadu,2023-11-23
C0752,Tristan Koshy,Bangalore,Karnataka,2023-10-22
C0753,Aarna Aggarwal,Chennai,Tamil Nadu,2023-11-04
C0754,Ucchal Bora,Mumbai,Maharashtra,2025-08-12
C0755,Netra Thaman,Hyderabad,Telangana,2026-06-22
C0756,Yash Doctor,Pune,Maharashtra,2025-01-09
C0757,Peter Bumb,Chennai,Tamil Nadu,2024-05-18
C0758,Rishi Taneja,Kochi,Kerala,2026-07-26
C0759,Yashvi Prakash,Bangalore,Karnataka,2025-08-23
C0760,Tamanna Tara,Mumbai,Maharashtra,2026-05-31
C0761,Samar Rastogi,Bangalore,Karnataka,2025-03-07
C0762,Ekiya Chakrabarti,Coimbatore,Tamil Nadu,2024-02-21
C0763,Luke Ramesh,Bangalore,Karnataka,2025-07-26
C0764,Rohan Vig,Hyderabad,Telangana,2024-01-13
C0765,Garima Rastogi,Coimbatore,Tamil Nadu,2025-05-27
C0766,Jonathan Mitra,Pune,Maharashtra,2025-04-02
C0767,Yashica Dey,Pune,Maharashtra,2026-02-24
C0768,Sneha Bala,Kochi,Kerala,2026-04-29
C0769,Simon Rajan,Coimbatore,Tamil Nadu,2025-05-02
C0770,Theodore Venkatesh,Coimbatore,Tamil Nadu,2025-10-27
C0771,Manbir Chowdhury,Mumbai,Maharashtra,2026-05-02
C0772,Barkha Halder,Coimbatore,Tamil Nadu,2026-01-19
C0773,Dhruv Varty,Hyderabad,Telangana,2025-07-17
C0774,Qarin Gour,Kochi,Kerala,2023-12-28
C0775,Vrishti Wali,Mumbai,Maharashtra,2025-02-12
C0776,Ishaan Kar,Hyderabad,Telangana,2025-12-27
C0777,Aachal Srinivas,Bangalore,Karnataka,2026-08-18
C0778,Lajita Sanghvi,Pune,Maharashtra,2025-07-23
C0779,Qasim Choudhary,Kochi,Kerala,2023-10-08
C0780,Bhavini Verma,Delhi,Delhi,2023-10-29
C0781,Ira Palla,Pune,Maharashtra,2024-09-22
C0782,Dominic Ratta,Chennai,Tamil Nadu,2023-11-15
C0783,Michael Ghosh,Pune,Maharashtra,2025-11-30
C0784,Tarak Walia,Pune,Maharashtra,2024-09-26
C0785,Lopa Bora,Coimbatore,Tamil Nadu,2025-11-10
C0786,Pranit Goda,Hyderabad,Telangana,2024-07-05
C0787,Hredhaan Sankar,Coimbatore,Tamil Nadu,2025-02-02
C0788,Deepa Tak,Coimbatore,Tamil Nadu,2025-10-14
C0789,Tanish Mohan,Delhi,Delhi,2026-03-17
C0790,Baghyawati Kala,Delhi,Delhi,2025-11-21
C0791,Qasim Subramaniam,Kochi,Kerala,2026-05-13
C0792,Daniel Randhawa,Coimbatore,Tamil Nadu,2025-10-15
C0793,Bakhshi Sama,Delhi,Delhi,2025-08-23
C0794,Wakeeta Basu,Mumbai,Maharashtra,2026-01-06
C0795,Manya Viswanathan,Mumbai,Maharashtra,2026-08-05
C0796,Saanvi Kala,Kochi,Kerala,2024-12-29
C0797,Akshay Gola,Mumbai,Maharashtra,2024-03-27
C0798,Bina Sarkar,Kochi,Kerala,2026-03-09
C0799,Omaja Deshpande,Chennai,Tamil Nadu,2025-05-18
C0800,Lucky Balan,Delhi,Delhi,2025-07-07
C0801,Jagvi Sastry,Coimbatore,Tamil Nadu,2025-09-04
C0802,Darika Mandal,Kochi,Kerala,2023-10-08
C0803,Sarthak Bawa,Kochi,Kerala,2024-02-02
C0804,Zaitra Ramesh,Hyderabad,Telangana,2024-06-24
C0805,Bhavini Tailor,Coimbatore,Tamil Nadu,2025-10-17
C0806,Widisha Kalita,Chennai,Tamil Nadu,2026-02-03
C0807,Zansi Brar,Hyderabad,Telangana,2024-06-19
C0808,Jeevika Radhakrishnan,Delhi,Delhi,2025-12-10
C0809,Abdul Cheema,Bangalore,Karnataka,2025-05-27
C0810,Qadim Biswas,Coimbatore,Tamil Nadu,2023-10-02
C0811,Adya Palla,Bangalore,Karnataka,2025-03-15
C0812,Xiti Agate,Coimbatore,Tamil Nadu,2025-02-26
C0813,Ishanvi Chowdhury,Chennai,Tamil Nadu,2024-12-05
C0814,Ishita Sarkar,Hyderabad,Telangana,2025-08-15
C0815,Ranveer Dave,Kochi,Kerala,2026-01-05
C0816,Upkaar Das,Hyderabad,Telangana,2025-08-25
C0817,Gaurangi Madan,Bangalore,Karnataka,2024-09-02
C0818,Jasmit Krishnan,Coimbatore,Tamil Nadu,2025-10-13
C0819,Anusha Nagar,Pune,Maharashtra,2026-01-09
C0820,Oscar Goda,Delhi,Delhi,2024-10-08
C0821,Kai Shukla,Kochi,Kerala,2024-06-26
C0822,Max Sen,Bangalore,Karnataka,2024-04-10
C0823,Ubika Garde,Delhi,Delhi,2026-05-29
C0824,Sanaya Master,Kochi,Kerala,2026-03-01
C0825,Tara Ravi,Delhi,Delhi,2025-06-19
C0826,Lajita Khatri,Coimbatore,Tamil Nadu,2025-07-24
C0827,Urvashi Pathak,Chennai,Tamil Nadu,2024-12-16
C0828,Chasmum Doctor,Bangalore,Karnataka,2025-03-05
C0829,Ikshita Jani,Mumbai,Maharashtra,2024-12-17
C0830,Oliver Bhavsar,Pune,Maharashtra,2025-07-30
C0831,Upadhriti Nigam,Mumbai,Maharashtra,2024-08-05
C0832,Yatan Sibal,Bangalore,Karnataka,2025-04-17
C0833,Krisha Shanker,Kochi,Kerala,2026-06-12
C0834,Girindra Kapoor,Bangalore,Karnataka,2024-10-19
C0835,Abdul Bava,Bangalore,Karnataka,2025-10-30
C0836,Ekaja Dhar,Coimbatore,Tamil Nadu,2025-03-13
C0837,Niharika Narasimhan,Hyderabad,Telangana,2024-04-26
C0838,Farhan Bava,Pune,Maharashtra,2025-03-04
C0839,Gavin Gade,Chennai,Tamil Nadu,2025-02-10
C0840,Tejas Misra,Chennai,Tamil Nadu,2024-02-14
C0841,Nachiket Subramaniam,Delhi,Delhi,2024-06-12
C0842,Kashvi Contractor,Chennai,Tamil Nadu,2025-06-14
C0843,Deepa Kapoor,Pune,Maharashtra,2023-11-04
C0844,Lakshmi Chandra,Delhi,Delhi,2026-08-21
C0845,Amruta Varkey,Delhi,Delhi,2025-06-20
C0846,Oeshi Radhakrishnan,Kochi,Kerala,2025-10-13
C0847,Kashvi Magar,Hyderabad,Telangana,2024-07-04
C0848,Quincy Maharaj,Mumbai,Maharashtra,2025-12-08
C0849,Aayush Banerjee,Kochi,Kerala,2023-12-14
C0850,Advika Boase,Hyderabad,Telangana,2025-12-27
C0851,Ishita Kant,Hyderabad,Telangana,2025-04-20
C0852,Sneha Kaul,Hyderabad,Telangana,2025-06-07
C0853,Inaya Dhingra,Bangalore,Karnataka,2023-12-13
C0854,Suhani Mittal,Kochi,Kerala,2025-11-24
C0855,Bimala Gara,Mumbai,Maharashtra,2026-03-15
C0856,Nidhi Butala,Coimbatore,Tamil Nadu,2025-01-11
C0857,Maanav Dani,Hyderabad,Telangana,2026-07-14
C0858,Brinda Kala,Mumbai,Maharashtra,2024-06-01
C0859,Vamakshi Dhingra,Coimbatore,Tamil Nadu,2024-12-15
C0860,Urmi Sheth,Pune,Maharashtra,2026-01-31
C0861,Saksham Murty,Coimbatore,Tamil Nadu,2026-04-29
C0862,Daksha Agrawal,Pune,Maharashtra,2023-11-07
C0863,Chameli Hora,Chennai,Tamil Nadu,2024-05-19
C0864,Qasim Divan,Coimbatore,Tamil Nadu,2026-02-07
C0865,Vaishnavi Setty,Pune,Maharashtra,2026-06-21
C0866,Hemani Khatri,Hyderabad,Telangana,2024-08-04
C0867,Shravya Deshpande,Bangalore,Karnataka,2026-05-06
C0868,Quincy Muni,Coimbatore,Tamil Nadu,2026-06-15
C0869,Vidhi Gola,Delhi,Delhi,2024-08-31
C0870,Amol Pall,Pune,Maharashtra,2025-07-18
C0871,Zashil Walia,Kochi,Kerala,2024-05-06
C0872,Yashvi Vohra,Pune,Maharashtra,2024-10-27
C0873,Kalpit Mitter,Coimbatore,Tamil Nadu,2024-02-07
C0874,Gautam Sawhney,Pune,Maharashtra,2025-09-10
C0875,Rachit Wali,Mumbai,Maharashtra,2025-12-01
C0876,Nitesh Rai,Kochi,Kerala,2024-06-09
C0877,Nathaniel Sastry,Coimbatore,Tamil Nadu,2024-10-24
C0878,Rohan Lala,Bangalore,Karnataka,2025-02-18
C0879,Warda Nanda,Mumbai,Maharashtra,2023-12-08
C0880,Xalak Wali,Kochi,Kerala,2025-07-26
C0881,Yadavi Sawhney,Delhi,Delhi,2025-04-27
C0882,Om Zacharia,Pune,Maharashtra,2025-06-29
C0883,Urvashi Basak,Pune,Maharashtra,2025-01-02
C0884,Ojas Wali,Chennai,Tamil Nadu,2025-07-28
C0885,Anay Babu,Kochi,Kerala,2024-05-29
C0886,Raagini Dixit,Pune,Maharashtra,2024-10-06
C0887,Aayush Hegde,Chennai,Tamil Nadu,2025-03-02
C0888,Bhavini Kannan,Chennai,Tamil Nadu,2024-01-07
C0889,Tripti Gupta,Coimbatore,Tamil Nadu,2024-08-27
C0890,Neel Bakshi,Pune,Maharashtra,2026-06-05
C0891,Eshana Kumer,Mumbai,Maharashtra,2024-11-29
C0892,Logan Iyengar,Delhi,Delhi,2025-02-27
C0893,Aadhya Atwal,Mumbai,Maharashtra,2026-08-30
C0894,Krish Raju,Mumbai,Maharashtra,2026-02-02
C0895,Naveen Patla,Pune,Maharashtra,2023-11-24
C0896,Forum Chatterjee,Hyderabad,Telangana,2026-02-13
C0897,Jason Singhal,Bangalore,Karnataka,2026-06-14
C0898,Saksham Krishnan,Chennai,Tamil Nadu,2024-08-24
C0899,Avi Yogi,Pune,Maharashtra,2025-01-19
C0900,Harita Arya,Coimbatore,Tamil Nadu,2026-03-16
C0901,Yasti Panchal,Chennai,Tamil Nadu,2024-12-26
C0902,Daksha Kulkarni,Delhi,Delhi,2025-12-19
C0903,Chaitaly Patla,Hyderabad,Telangana,2025-08-16
C0904,Ishwar Nayar,Bangalore,Karnataka,2023-11-29
C0905,Ekaja Chawla,Pune,Maharashtra,2025-03-05
C0906,Bhavya Halder,Delhi,Delhi,2024-09-05
C0907,Amaira Krishnan,Kochi,Kerala,2025-07-13
C0908,Samuel Shere,Hyderabad,Telangana,2025-10-20
C0909,Zayyan Lanka,Mumbai,Maharashtra,2026-04-16
C0910,Oscar Wadhwa,Hyderabad,Telangana,2026-04-28
C0911,Watika Dhingra,Delhi,Delhi,2026-01-14
C0912,Raagini Gulati,Pune,Maharashtra,2026-01-05
C0913,Simon Din,Hyderabad,Telangana,2026-07-17
C0914,Bhanumati Bandi,Pune,Maharashtra,2024-11-20
C0915,Girik Kapoor,Coimbatore,Tamil Nadu,2023-11-21
C0916,Tristan Krishna,Pune,Maharashtra,2025-11-28
C0917,Veer Sastry,Delhi,Delhi,2024-01-23
C0918,Amaira Sant,Bangalore,Karnataka,2026-03-14
C0919,Charles Jayaraman,Coimbatore,Tamil Nadu,2024-07-06
C0920,Suhani Reddy,Bangalore,Karnataka,2026-06-26
C0921,Logan Dasgupta,Hyderabad,Telangana,2025-07-07
C0922,Orinder Ahuja,Mumbai,Maharashtra,2024-03-12
C0923,Hredhaan Shah,Kochi,Kerala,2025-08-27
C0924,Ekapad Oak,Delhi,Delhi,2024-08-25
C0925,Jeet Anand,Bangalore,Karnataka,2026-07-20
C0926,Azad Rout,Kochi,Kerala,2024-03-17
C0927,Janani Deep,Chennai,Tamil Nadu,2026-05-26
C0928,Praneel Swaminathan,Pune,Maharashtra,2025-09-16
C0929,Neha Thaman,Bangalore,Karnataka,2026-03-25
C0930,Indira Chaudhary,Coimbatore,Tamil Nadu,2025-02-10
C0931,Radhika Chaudhuri,Delhi,Delhi,2026-02-18
C0932,Elijah Walia,Pune,Maharashtra,2026-08-31
C0933,Ryan Chand,Kochi,Kerala,2024-06-19
C0934,Utkarsh Talwar,Delhi,Delhi,2024-03-03
C0935,Neha Sarraf,Bangalore,Karnataka,2023-11-20
C0936,Om Atwal,Mumbai,Maharashtra,2026-06-09
C0937,Nathaniel Dixit,Coimbatore,Tamil Nadu,2026-03-07
C0938,Maanas Gola,Chennai,Tamil Nadu,2026-03-16
C0939,Laban Prakash,Delhi,Delhi,2025-08-18
C0940,Maanas Wali,Mumbai,Maharashtra,2025-12-25
C0941,Manthan Jani,Bangalore,Karnataka,2024-02-23
C0942,Nidhi Mishra,Coimbatore,Tamil Nadu,2024-07-29
C0943,Wyatt Lad,Pune,Maharashtra,2026-03-10
C0944,Chakradhar Pillai,Kochi,Kerala,2025-12-25
C0945,Waida Jhaveri,Bangalore,Karnataka,2025-12-28
C0946,Lopa Ben,Hyderabad,Telangana,2025-04-10
C0947,Bhavani Ramakrishnan,Chennai,Tamil Nadu,2024-02-19
C0948,Baljiwan Bose,Chennai,Tamil Nadu,2025-03-03
C0949,Jatin Krishna,Pune,Maharashtra,2025-06-08
C0950,Hemal Jaggi,Coimbatore,Tamil Nadu,2024-08-14
C0951,Chakradhar Pall,Bangalore,Karnataka,2024-07-30
C0952,Frederick Deo,Bangalore,Karnataka,2024-05-16
C0953,Widisha Rai,Mumbai,Maharashtra,2025-12-08
C0954,Henry Basak,Hyderabad,Telangana,2025-05-05
C0955,Megha Jhaveri,Kochi,Kerala,2024-09-13
C0956,Ekbal Issac,Coimbatore,Tamil Nadu,2026-08-06
C0957,Chaaya Basak,Delhi,Delhi,2026-05-10
C0958,Gaurav Shere,Kochi,Kerala,2025-02-01
C0959,Isha Randhawa,Hyderabad,Telangana,2025-12-26
C0960,Qasim Kashyap,Kochi,Kerala,2026-01-10
C0961,Imaran Bala,Bangalore,Karnataka,2024-06-27
C0962,Aarini Chakrabarti,Coimbatore,Tamil Nadu,2026-06-24
C0963,Leela Halder,Kochi,Kerala,2023-11-09
C0964,Benjamin Sani,Pune,Maharashtra,2024-07-11
C0965,Chandani Bansal,Chennai,Tamil Nadu,2025-05-25
C0966,Rachit Chacko,Delhi,Delhi,2025-01-12
C0967,Niharika Kaur,Mumbai,Maharashtra,2025-07-09
C0968,Lajita Mistry,Coimbatore,Tamil Nadu,2025-08-19
C0969,Garima Sarkar,Coimbatore,Tamil Nadu,2024-12-18
C0970,Vasudha Bumb,Mumbai,Maharashtra,2024-05-14
C0971,Kabir Vora,Delhi,Delhi,2024-03-13
C0972,Ekalinga Karnik,Bangalore,Karnataka,2025-06-16
C0973,Henry Bal,Delhi,Delhi,2024-03-01
C0974,Arunima Padmanabhan,Delhi,Delhi,2025-12-26
C0975,Adweta Khalsa,Chennai,Tamil Nadu,2024-10-14
C0976,Ira Merchant,Kochi,Kerala,2024-09-25
C0977,Thomas Cheema,Pune,Maharashtra,2025-06-05
C0978,Maanav Khosla,Mumbai,Maharashtra,2025-10-02
C0979,Gaurika Brar,Bangalore,Karnataka,2024-09-02
C0980,Aarush Chad,Coimbatore,Tamil Nadu,2026-04-16
C0981,Mohammed Venkataraman,Bangalore,Karnataka,2024-12-26
C0982,Hritik Chacko,Mumbai,Maharashtra,2025-04-21
C0983,Dayamai Khosla,Chennai,Tamil Nadu,2024-11-24
C0984,Vincent Bose,Chennai,Tamil Nadu,2026-06-23
C0985,Mahika Babu,Delhi,Delhi,2024-06-12
C0986,Tristan Basak,Mumbai,Maharashtra,2024-01-22
C0987,Zashil Ben,Hyderabad,Telangana,2025-08-21
C0988,Eesha Malhotra,Mumbai,Maharashtra,2024-05-14
C0989,Charles Dhingra,Bangalore,Karnataka,2026-02-02
C0990,Yashvi Kale,Mumbai,Maharashtra,2024-02-02
C0991,Lopa Rajagopal,Mumbai,Maharashtra,2024-06-26
C0992,Falguni Kara,Mumbai,Maharashtra,2024-12-04
C0993,Rishi Dada,Delhi,Delhi,2024-02-17
C0994,Ekaja Chowdhury,Hyderabad,Telangana,2023-11-26
C0995,Ati Kadakia,Chennai,Tamil Nadu,2024-12-02
C0996,Idika Minhas,Pune,Maharashtra,2023-11-30
C0997,Netra Mani,Hyderabad,Telangana,2024-11-03
C0998,Inaya Sahni,Hyderabad,Telangana,2024-05-21
C0999,Gabriel Bhat,Pune,Maharashtra,2026-04-26
C1000,Simon Balan,Hyderabad,Telangana,2024-03-26
